cust,as_of,plan_changes_to_date,support_tickets_snapshot,logins_30d,tenure_snapshot,spend_snapshot
SUB-00000,2026-01-28T01:00:00Z,0,2,6,65,50.61
SUB-00000,2026-03-11T01:00:00Z,0,2,6,65,50.61
SUB-00001,2026-01-17T18:00:00Z,0,0,6,70,75.67
SUB-00001,2026-02-28T18:00:00Z,0,0,6,70,75.67
SUB-00002,2026-01-22T06:00:00Z,0,2,6,33,68.36
SUB-00002,2026-03-05T06:00:00Z,0,2,6,33,68.36
SUB-00003,2026-01-25T14:00:00Z,0,3,6,67,34.06
SUB-00003,2026-03-08T14:00:00Z,1,3,6,67,34.06
SUB-00003,2026-03-19T14:00:00Z,2,3,6,67,34.06
SUB-00004,2026-01-29T22:00:00Z,0,2,6,8,84.18
SUB-00004,2026-03-12T22:00:00Z,0,2,6,8,84.18
SUB-00004,2026-03-31T22:00:00Z,4,2,6,8,84.18
SUB-00005,2026-01-19T15:00:00Z,0,0,6,49,81.37
SUB-00005,2026-03-02T15:00:00Z,0,0,6,49,81.37
SUB-00006,2026-01-28T14:00:00Z,0,3,6,51,53.92
SUB-00006,2026-03-11T14:00:00Z,0,3,6,51,53.92
SUB-00006,2026-03-20T14:00:00Z,3,3,6,51,53.92
SUB-00007,2026-01-23T19:00:00Z,0,4,6,6,35.92
SUB-00007,2026-03-06T19:00:00Z,1,4,6,6,35.92
SUB-00007,2026-03-20T19:00:00Z,4,4,6,6,35.92
SUB-00008,2026-01-25T15:00:00Z,0,3,6,25,47.50
SUB-00008,2026-03-08T15:00:00Z,0,3,6,25,47.50
SUB-00008,2026-04-01T15:00:00Z,4,3,6,25,47.50
SUB-00009,2026-01-24T11:00:00Z,0,2,6,52,59.17
SUB-00009,2026-03-07T11:00:00Z,1,2,6,52,59.17
SUB-00010,2026-01-25T11:00:00Z,0,3,6,50,61.85
SUB-00010,2026-03-08T11:00:00Z,0,3,6,50,61.85
SUB-00010,2026-04-01T11:00:00Z,3,3,6,50,61.85
SUB-00011,2026-01-23T09:00:00Z,0,3,6,13,87.61
SUB-00011,2026-03-06T09:00:00Z,0,3,6,13,87.61
SUB-00011,2026-03-27T09:00:00Z,3,3,6,13,87.61
SUB-00012,2026-01-18T11:00:00Z,0,2,6,26,64.17
SUB-00012,2026-03-01T11:00:00Z,0,2,6,26,64.17
SUB-00013,2026-01-25T00:00:00Z,0,4,6,38,65.50
SUB-00013,2026-03-08T00:00:00Z,0,4,6,38,65.50
SUB-00013,2026-03-27T00:00:00Z,7,4,6,38,65.50
SUB-00014,2026-01-18T06:00:00Z,0,2,6,15,61.41
SUB-00014,2026-03-01T06:00:00Z,1,2,6,15,61.41
SUB-00014,2026-03-17T06:00:00Z,4,2,6,15,61.41
SUB-00015,2026-01-28T11:00:00Z,0,3,6,71,58.47
SUB-00015,2026-03-11T11:00:00Z,0,3,6,71,58.47
SUB-00016,2026-01-24T16:00:00Z,0,5,6,67,60.89
SUB-00016,2026-03-07T16:00:00Z,1,5,6,67,60.89
SUB-00016,2026-03-25T16:00:00Z,3,5,6,67,60.89
SUB-00017,2026-01-28T00:00:00Z,0,1,6,26,33.39
SUB-00017,2026-03-11T00:00:00Z,1,1,6,26,33.39
SUB-00017,2026-03-31T00:00:00Z,3,1,6,26,33.39
SUB-00018,2026-01-24T11:00:00Z,0,5,6,6,47.34
SUB-00018,2026-03-07T11:00:00Z,1,5,6,6,47.34
SUB-00018,2026-03-13T11:00:00Z,3,5,6,6,47.34
SUB-00019,2026-01-18T08:00:00Z,0,1,6,6,51.75
SUB-00019,2026-03-01T08:00:00Z,0,1,6,6,51.75
SUB-00019,2026-03-18T08:00:00Z,5,1,6,6,51.75
SUB-00020,2026-01-17T17:00:00Z,0,5,6,32,39.27
SUB-00020,2026-02-28T17:00:00Z,0,5,6,32,39.27
SUB-00020,2026-03-18T17:00:00Z,5,5,6,32,39.27
SUB-00021,2026-01-22T09:00:00Z,0,2,6,47,91.84
SUB-00021,2026-03-05T09:00:00Z,1,2,6,47,91.84
SUB-00022,2026-01-29T08:00:00Z,0,6,6,57,26.06
SUB-00022,2026-03-12T08:00:00Z,0,6,6,57,26.06
SUB-00022,2026-03-30T08:00:00Z,2,6,6,57,26.06
SUB-00023,2026-01-28T19:00:00Z,0,2,6,1,51.22
SUB-00023,2026-03-11T19:00:00Z,0,2,6,1,51.22
SUB-00023,2026-03-18T19:00:00Z,5,2,6,1,51.22
SUB-00024,2026-01-24T12:00:00Z,0,2,6,52,34.12
SUB-00024,2026-03-07T12:00:00Z,0,2,6,52,34.12
SUB-00025,2026-01-25T22:00:00Z,0,2,6,44,54.61
SUB-00025,2026-03-08T22:00:00Z,0,2,6,44,54.61
SUB-00026,2026-01-16T10:00:00Z,0,1,6,50,63.05
SUB-00026,2026-02-27T10:00:00Z,0,1,6,50,63.05
SUB-00027,2026-01-29T20:00:00Z,0,0,6,31,46.32
SUB-00027,2026-03-12T20:00:00Z,0,0,6,31,46.32
SUB-00028,2026-01-26T18:00:00Z,0,4,6,34,59.59
SUB-00028,2026-03-09T18:00:00Z,1,4,6,34,59.59
SUB-00028,2026-03-20T18:00:00Z,4,4,6,34,59.59
SUB-00029,2026-01-27T12:00:00Z,0,1,6,8,68.85
SUB-00029,2026-03-10T12:00:00Z,0,1,6,8,68.85
SUB-00029,2026-04-07T12:00:00Z,4,1,6,8,68.85
SUB-00030,2026-01-24T12:00:00Z,0,0,6,9,52.23
SUB-00030,2026-03-07T12:00:00Z,0,0,6,9,52.23
SUB-00031,2026-01-23T08:00:00Z,0,2,6,27,89.84
SUB-00031,2026-03-06T08:00:00Z,0,2,6,27,89.84
SUB-00032,2026-01-25T00:00:00Z,0,3,6,13,63.26
SUB-00032,2026-03-08T00:00:00Z,0,3,6,13,63.26
SUB-00032,2026-03-22T00:00:00Z,3,3,6,13,63.26
SUB-00033,2026-01-22T23:00:00Z,0,2,6,70,21.70
SUB-00033,2026-03-05T23:00:00Z,0,2,6,70,21.70
SUB-00033,2026-03-19T23:00:00Z,1,2,6,70,21.70
SUB-00034,2026-01-30T04:00:00Z,0,2,6,10,96.00
SUB-00034,2026-03-13T04:00:00Z,0,2,6,10,96.00
SUB-00034,2026-03-27T04:00:00Z,7,2,6,10,96.00
SUB-00035,2026-01-21T16:00:00Z,0,2,6,28,39.40
SUB-00035,2026-03-04T16:00:00Z,1,2,6,28,39.40
SUB-00035,2026-03-25T16:00:00Z,4,2,6,28,39.40
SUB-00036,2026-01-22T17:00:00Z,0,1,6,29,13.63
SUB-00036,2026-03-05T17:00:00Z,0,1,6,29,13.63
SUB-00036,2026-03-29T17:00:00Z,3,1,6,29,13.63
SUB-00037,2026-01-16T17:00:00Z,0,4,6,26,83.27
SUB-00037,2026-02-27T17:00:00Z,0,4,6,26,83.27
SUB-00037,2026-03-09T17:00:00Z,4,4,6,26,83.27
SUB-00038,2026-01-19T21:00:00Z,0,2,6,42,43.91
SUB-00038,2026-03-02T21:00:00Z,0,2,6,42,43.91
SUB-00039,2026-01-21T18:00:00Z,0,1,6,55,40.65
SUB-00039,2026-03-04T18:00:00Z,1,1,6,55,40.65
SUB-00040,2026-01-22T21:00:00Z,0,1,6,21,27.58
SUB-00040,2026-03-05T21:00:00Z,0,1,6,21,27.58
SUB-00040,2026-03-14T21:00:00Z,4,1,6,21,27.58
SUB-00041,2026-01-24T07:00:00Z,0,3,6,13,33.64
SUB-00041,2026-03-07T07:00:00Z,0,3,6,13,33.64
SUB-00041,2026-03-29T07:00:00Z,2,3,6,13,33.64
SUB-00042,2026-01-23T18:00:00Z,0,1,6,18,33.70
SUB-00042,2026-03-06T18:00:00Z,1,1,6,18,33.70
SUB-00042,2026-03-18T18:00:00Z,6,1,6,18,33.70
SUB-00043,2026-01-27T21:00:00Z,0,3,6,22,82.20
SUB-00043,2026-03-10T21:00:00Z,0,3,6,22,82.20
SUB-00043,2026-03-30T21:00:00Z,5,3,6,22,82.20
SUB-00044,2026-01-19T20:00:00Z,0,4,6,68,64.95
SUB-00044,2026-03-02T20:00:00Z,1,4,6,68,64.95
SUB-00045,2026-01-18T04:00:00Z,0,4,6,11,52.22
SUB-00045,2026-03-01T04:00:00Z,0,4,6,11,52.22
SUB-00045,2026-03-22T04:00:00Z,5,4,6,11,52.22
SUB-00046,2026-01-18T22:00:00Z,0,4,6,9,69.72
SUB-00046,2026-03-01T22:00:00Z,0,4,6,9,69.72
SUB-00046,2026-03-24T22:00:00Z,4,4,6,9,69.72
SUB-00047,2026-01-26T10:00:00Z,0,1,6,5,72.28
SUB-00047,2026-03-09T10:00:00Z,0,1,6,5,72.28
SUB-00047,2026-04-03T10:00:00Z,4,1,6,5,72.28
SUB-00048,2026-01-29T04:00:00Z,1,3,6,63,75.04
SUB-00048,2026-03-12T04:00:00Z,2,3,6,63,75.04
SUB-00049,2026-01-23T11:00:00Z,0,3,6,5,60.03
SUB-00049,2026-03-06T11:00:00Z,0,3,6,5,60.03
SUB-00049,2026-03-24T11:00:00Z,7,3,6,5,60.03
SUB-00050,2026-01-16T17:00:00Z,0,0,6,5,70.61
SUB-00050,2026-02-27T17:00:00Z,0,0,6,5,70.61
SUB-00051,2026-01-17T20:00:00Z,0,0,6,56,56.95
SUB-00051,2026-02-28T20:00:00Z,0,0,6,56,56.95
SUB-00052,2026-01-17T05:00:00Z,0,3,6,19,60.43
SUB-00052,2026-02-28T05:00:00Z,0,3,6,19,60.43
SUB-00052,2026-03-14T05:00:00Z,4,3,6,19,60.43
SUB-00053,2026-01-23T21:00:00Z,0,2,6,28,91.57
SUB-00053,2026-03-06T21:00:00Z,0,2,6,28,91.57
SUB-00053,2026-03-16T21:00:00Z,6,2,6,28,91.57
SUB-00054,2026-01-23T23:00:00Z,0,1,6,12,46.80
SUB-00054,2026-03-06T23:00:00Z,0,1,6,12,46.80
SUB-00054,2026-03-31T23:00:00Z,4,1,6,12,46.80
SUB-00055,2026-01-21T18:00:00Z,0,1,6,29,26.52
SUB-00055,2026-03-04T18:00:00Z,0,1,6,29,26.52
SUB-00056,2026-01-26T06:00:00Z,0,2,6,68,53.57
SUB-00056,2026-03-09T06:00:00Z,1,2,6,68,53.57
SUB-00056,2026-04-06T06:00:00Z,2,2,6,68,53.57
SUB-00057,2026-01-20T06:00:00Z,2,3,6,17,83.23
SUB-00057,2026-03-03T06:00:00Z,3,3,6,17,83.23
SUB-00057,2026-03-23T06:00:00Z,7,3,6,17,83.23
SUB-00058,2026-01-25T04:00:00Z,0,2,6,26,75.53
SUB-00058,2026-03-08T04:00:00Z,0,2,6,26,75.53
SUB-00059,2026-01-26T06:00:00Z,0,1,6,60,30.99
SUB-00059,2026-03-09T06:00:00Z,1,1,6,60,30.99
SUB-00060,2026-01-23T16:00:00Z,0,4,6,33,78.70
SUB-00060,2026-03-06T16:00:00Z,0,4,6,33,78.70
SUB-00061,2026-01-28T21:00:00Z,0,1,6,60,42.18
SUB-00061,2026-03-11T21:00:00Z,0,1,6,60,42.18
SUB-00062,2026-01-16T12:00:00Z,0,5,6,17,53.31
SUB-00062,2026-02-27T12:00:00Z,1,5,6,17,53.31
SUB-00062,2026-03-17T12:00:00Z,3,5,6,17,53.31
SUB-00063,2026-01-26T07:00:00Z,0,1,6,25,56.21
SUB-00063,2026-03-09T07:00:00Z,0,1,6,25,56.21
SUB-00063,2026-03-24T07:00:00Z,2,1,6,25,56.21
SUB-00064,2026-01-26T02:00:00Z,0,1,6,61,61.86
SUB-00064,2026-03-09T02:00:00Z,0,1,6,61,61.86
SUB-00065,2026-01-24T20:00:00Z,0,0,6,61,59.04
SUB-00065,2026-03-07T20:00:00Z,1,0,6,61,59.04
SUB-00066,2026-01-18T01:00:00Z,0,4,6,18,55.49
SUB-00066,2026-03-01T01:00:00Z,0,4,6,18,55.49
SUB-00066,2026-03-26T01:00:00Z,1,4,6,18,55.49
SUB-00067,2026-01-22T12:00:00Z,1,1,6,71,50.21
SUB-00067,2026-03-05T12:00:00Z,2,1,6,71,50.21
SUB-00068,2026-01-17T11:00:00Z,0,3,6,32,52.26
SUB-00068,2026-02-28T11:00:00Z,0,3,6,32,52.26
SUB-00068,2026-03-18T11:00:00Z,2,3,6,32,52.26
SUB-00069,2026-01-22T12:00:00Z,0,5,6,34,64.22
SUB-00069,2026-03-05T12:00:00Z,1,5,6,34,64.22
SUB-00069,2026-03-24T12:00:00Z,7,5,6,34,64.22
SUB-00070,2026-01-24T10:00:00Z,0,3,6,10,29.38
SUB-00070,2026-03-07T10:00:00Z,0,3,6,10,29.38
SUB-00070,2026-04-02T10:00:00Z,2,3,6,10,29.38
SUB-00071,2026-01-21T23:00:00Z,0,3,6,50,90.37
SUB-00071,2026-03-04T23:00:00Z,1,3,6,50,90.37
SUB-00072,2026-01-16T09:00:00Z,1,4,6,42,62.52
SUB-00072,2026-02-27T09:00:00Z,2,4,6,42,62.52
SUB-00072,2026-03-21T09:00:00Z,3,4,6,42,62.52
SUB-00073,2026-01-25T02:00:00Z,0,3,6,64,79.20
SUB-00073,2026-03-08T02:00:00Z,0,3,6,64,79.20
SUB-00074,2026-01-29T22:00:00Z,0,4,6,61,83.53
SUB-00074,2026-03-12T22:00:00Z,0,4,6,61,83.53
SUB-00075,2026-01-21T21:00:00Z,0,1,6,16,42.78
SUB-00075,2026-03-04T21:00:00Z,0,1,6,16,42.78
SUB-00075,2026-03-25T21:00:00Z,6,1,6,16,42.78
SUB-00076,2026-01-24T08:00:00Z,0,2,6,8,71.72
SUB-00076,2026-03-07T08:00:00Z,0,2,6,8,71.72
SUB-00076,2026-03-18T08:00:00Z,3,2,6,8,71.72
SUB-00077,2026-01-25T02:00:00Z,0,3,6,6,48.80
SUB-00077,2026-03-08T02:00:00Z,0,3,6,6,48.80
SUB-00077,2026-03-18T02:00:00Z,2,3,6,6,48.80
SUB-00078,2026-01-20T08:00:00Z,0,1,6,20,88.81
SUB-00078,2026-03-03T08:00:00Z,0,1,6,20,88.81
SUB-00079,2026-01-23T12:00:00Z,0,3,6,23,55.20
SUB-00079,2026-03-06T12:00:00Z,0,3,6,23,55.20
SUB-00079,2026-03-14T12:00:00Z,4,3,6,23,55.20
SUB-00080,2026-01-16T21:00:00Z,0,1,6,54,116.46
SUB-00080,2026-02-27T21:00:00Z,0,1,6,54,116.46
SUB-00081,2026-01-24T09:00:00Z,0,5,6,30,39.47
SUB-00081,2026-03-07T09:00:00Z,0,5,6,30,39.47
SUB-00081,2026-03-29T09:00:00Z,4,5,6,30,39.47
SUB-00082,2026-01-20T13:00:00Z,0,1,6,26,34.58
SUB-00082,2026-03-03T13:00:00Z,0,1,6,26,34.58
SUB-00083,2026-01-19T08:00:00Z,0,5,6,69,25.51
SUB-00083,2026-03-02T08:00:00Z,0,5,6,69,25.51
SUB-00083,2026-03-19T08:00:00Z,5,5,6,69,25.51
SUB-00084,2026-01-29T08:00:00Z,0,2,6,5,69.25
SUB-00084,2026-03-12T08:00:00Z,0,2,6,5,69.25
SUB-00084,2026-03-23T08:00:00Z,3,2,6,5,69.25
SUB-00085,2026-01-17T11:00:00Z,0,3,6,49,59.93
SUB-00085,2026-02-28T11:00:00Z,0,3,6,49,59.93
SUB-00085,2026-03-26T11:00:00Z,3,3,6,49,59.93
SUB-00086,2026-01-26T16:00:00Z,0,3,6,7,73.70
SUB-00086,2026-03-09T16:00:00Z,0,3,6,7,73.70
SUB-00086,2026-03-26T16:00:00Z,2,3,6,7,73.70
SUB-00087,2026-01-20T06:00:00Z,0,0,6,69,74.63
SUB-00087,2026-03-03T06:00:00Z,0,0,6,69,74.63
SUB-00088,2026-01-21T14:00:00Z,0,1,6,68,76.34
SUB-00088,2026-03-04T14:00:00Z,0,1,6,68,76.34
SUB-00089,2026-01-22T05:00:00Z,0,2,6,64,38.60
SUB-00089,2026-03-05T05:00:00Z,0,2,6,64,38.60
SUB-00090,2026-01-27T16:00:00Z,0,5,6,49,40.25
SUB-00090,2026-03-10T16:00:00Z,0,5,6,49,40.25
SUB-00090,2026-03-17T16:00:00Z,3,5,6,49,40.25
SUB-00091,2026-01-19T11:00:00Z,0,4,6,22,45.67
SUB-00091,2026-03-02T11:00:00Z,0,4,6,22,45.67
SUB-00091,2026-03-30T11:00:00Z,4,4,6,22,45.67
SUB-00092,2026-01-25T07:00:00Z,0,2,6,52,57.57
SUB-00092,2026-03-08T07:00:00Z,0,2,6,52,57.57
SUB-00093,2026-01-28T16:00:00Z,0,3,6,63,64.91
SUB-00093,2026-03-11T16:00:00Z,0,3,6,63,64.91
SUB-00094,2026-01-18T12:00:00Z,0,1,6,22,70.47
SUB-00094,2026-03-01T12:00:00Z,1,1,6,22,70.47
SUB-00095,2026-01-19T16:00:00Z,0,3,6,31,68.37
SUB-00095,2026-03-02T16:00:00Z,0,3,6,31,68.37
SUB-00096,2026-01-30T06:00:00Z,0,4,6,27,69.04
SUB-00096,2026-03-13T06:00:00Z,0,4,6,27,69.04
SUB-00096,2026-03-18T06:00:00Z,6,4,6,27,69.04
SUB-00097,2026-01-25T22:00:00Z,0,2,6,43,69.10
SUB-00097,2026-03-08T22:00:00Z,0,2,6,43,69.10
SUB-00098,2026-01-24T02:00:00Z,0,0,6,24,47.67
SUB-00098,2026-03-07T02:00:00Z,1,0,6,24,47.67
SUB-00099,2026-01-26T12:00:00Z,0,3,6,6,43.03
SUB-00099,2026-03-09T12:00:00Z,0,3,6,6,43.03
SUB-00099,2026-03-16T12:00:00Z,5,3,6,6,43.03
SUB-00100,2026-01-17T04:00:00Z,0,2,6,11,60.84
SUB-00100,2026-02-28T04:00:00Z,0,2,6,11,60.84
SUB-00100,2026-03-17T04:00:00Z,5,2,6,11,60.84
SUB-00101,2026-01-28T00:00:00Z,0,0,6,7,51.44
SUB-00101,2026-03-11T00:00:00Z,0,0,6,7,51.44
SUB-00102,2026-01-22T16:00:00Z,0,3,6,11,36.69
SUB-00102,2026-03-05T16:00:00Z,1,3,6,11,36.69
SUB-00102,2026-04-02T16:00:00Z,4,3,6,11,36.69
SUB-00103,2026-01-19T09:00:00Z,0,5,6,33,84.76
SUB-00103,2026-03-02T09:00:00Z,0,5,6,33,84.76
SUB-00103,2026-03-22T09:00:00Z,5,5,6,33,84.76
SUB-00104,2026-01-18T10:00:00Z,0,2,6,14,25.23
SUB-00104,2026-03-01T10:00:00Z,0,2,6,14,25.23
SUB-00104,2026-03-07T10:00:00Z,4,2,6,14,25.23
SUB-00105,2026-01-22T13:00:00Z,0,3,6,16,84.10
SUB-00105,2026-03-05T13:00:00Z,0,3,6,16,84.10
SUB-00105,2026-03-10T13:00:00Z,4,3,6,16,84.10
SUB-00106,2026-01-20T23:00:00Z,0,5,6,69,66.39
SUB-00106,2026-03-03T23:00:00Z,0,5,6,69,66.39
SUB-00107,2026-01-29T09:00:00Z,0,8,6,45,77.37
SUB-00107,2026-03-12T09:00:00Z,0,8,6,45,77.37
SUB-00107,2026-03-21T09:00:00Z,3,8,6,45,77.37
SUB-00108,2026-01-29T14:00:00Z,1,2,6,67,60.66
SUB-00108,2026-03-12T14:00:00Z,2,2,6,67,60.66
SUB-00109,2026-01-17T10:00:00Z,0,2,6,71,53.67
SUB-00109,2026-02-28T10:00:00Z,0,2,6,71,53.67
SUB-00110,2026-01-21T06:00:00Z,0,3,6,69,48.03
SUB-00110,2026-03-04T06:00:00Z,0,3,6,69,48.03
SUB-00111,2026-01-28T18:00:00Z,0,3,6,68,43.10
SUB-00111,2026-03-11T18:00:00Z,0,3,6,68,43.10
SUB-00112,2026-01-29T03:00:00Z,0,3,6,53,46.85
SUB-00112,2026-03-12T03:00:00Z,0,3,6,53,46.85
SUB-00112,2026-04-06T03:00:00Z,1,3,6,53,46.85
SUB-00113,2026-01-24T03:00:00Z,0,2,6,49,73.21
SUB-00113,2026-03-07T03:00:00Z,0,2,6,49,73.21
SUB-00114,2026-01-19T07:00:00Z,0,0,6,4,92.14
SUB-00114,2026-03-02T07:00:00Z,0,0,6,4,92.14
SUB-00114,2026-03-10T07:00:00Z,5,0,6,4,92.14
SUB-00115,2026-01-16T15:00:00Z,0,2,6,15,36.61
SUB-00115,2026-02-27T15:00:00Z,0,2,6,15,36.61
SUB-00115,2026-03-28T15:00:00Z,3,2,6,15,36.61
SUB-00116,2026-01-21T05:00:00Z,0,3,6,66,36.67
SUB-00116,2026-03-04T05:00:00Z,0,3,6,66,36.67
SUB-00116,2026-03-17T05:00:00Z,1,3,6,66,36.67
SUB-00117,2026-01-24T21:00:00Z,0,4,6,4,73.43
SUB-00117,2026-03-07T21:00:00Z,0,4,6,4,73.43
SUB-00117,2026-03-15T21:00:00Z,1,4,6,4,73.43
SUB-00118,2026-01-27T15:00:00Z,0,5,6,11,60.08
SUB-00118,2026-03-10T15:00:00Z,0,5,6,11,60.08
SUB-00118,2026-04-07T15:00:00Z,3,5,6,11,60.08
SUB-00119,2026-01-24T23:00:00Z,0,1,6,57,64.14
SUB-00119,2026-03-07T23:00:00Z,1,1,6,57,64.14
SUB-00120,2026-01-29T13:00:00Z,0,1,6,49,46.81
SUB-00120,2026-03-12T13:00:00Z,0,1,6,49,46.81
SUB-00121,2026-01-19T05:00:00Z,0,3,6,29,62.32
SUB-00121,2026-03-02T05:00:00Z,1,3,6,29,62.32
SUB-00121,2026-03-24T05:00:00Z,4,3,6,29,62.32
SUB-00122,2026-01-21T12:00:00Z,0,3,6,35,79.21
SUB-00122,2026-03-04T12:00:00Z,1,3,6,35,79.21
SUB-00122,2026-03-28T12:00:00Z,6,3,6,35,79.21
SUB-00123,2026-01-28T22:00:00Z,0,1,6,30,31.58
SUB-00123,2026-03-11T22:00:00Z,0,1,6,30,31.58
SUB-00123,2026-03-19T22:00:00Z,2,1,6,30,31.58
SUB-00124,2026-01-27T11:00:00Z,1,3,6,16,33.62
SUB-00124,2026-03-10T11:00:00Z,2,3,6,16,33.62
SUB-00124,2026-03-16T11:00:00Z,4,3,6,16,33.62
SUB-00125,2026-01-17T23:00:00Z,0,0,6,49,65.02
SUB-00125,2026-02-28T23:00:00Z,1,0,6,49,65.02
SUB-00126,2026-01-26T10:00:00Z,0,3,6,59,86.48
SUB-00126,2026-03-09T10:00:00Z,0,3,6,59,86.48
SUB-00127,2026-01-27T08:00:00Z,0,2,6,40,46.72
SUB-00127,2026-03-10T08:00:00Z,1,2,6,40,46.72
SUB-00128,2026-01-25T21:00:00Z,0,1,6,7,49.30
SUB-00128,2026-03-08T21:00:00Z,1,1,6,7,49.30
SUB-00128,2026-03-14T21:00:00Z,4,1,6,7,49.30
SUB-00129,2026-01-26T22:00:00Z,0,3,6,25,58.17
SUB-00129,2026-03-09T22:00:00Z,0,3,6,25,58.17
SUB-00129,2026-03-30T22:00:00Z,2,3,6,25,58.17
SUB-00130,2026-01-24T06:00:00Z,0,0,6,26,49.45
SUB-00130,2026-03-07T06:00:00Z,0,0,6,26,49.45
SUB-00131,2026-01-19T19:00:00Z,0,1,6,53,25.91
SUB-00131,2026-03-02T19:00:00Z,0,1,6,53,25.91
SUB-00131,2026-03-26T19:00:00Z,1,1,6,53,25.91
SUB-00132,2026-01-28T17:00:00Z,0,2,6,8,51.30
SUB-00132,2026-03-11T17:00:00Z,0,2,6,8,51.30
SUB-00132,2026-03-31T17:00:00Z,2,2,6,8,51.30
SUB-00133,2026-01-21T10:00:00Z,0,5,6,31,96.54
SUB-00133,2026-03-04T10:00:00Z,0,5,6,31,96.54
SUB-00133,2026-03-17T10:00:00Z,4,5,6,31,96.54
SUB-00134,2026-01-16T23:00:00Z,0,4,6,40,46.43
SUB-00134,2026-02-27T23:00:00Z,0,4,6,40,46.43
SUB-00134,2026-03-19T23:00:00Z,3,4,6,40,46.43
SUB-00135,2026-01-27T15:00:00Z,1,3,6,5,96.41
SUB-00135,2026-03-10T15:00:00Z,2,3,6,5,96.41
SUB-00135,2026-03-23T15:00:00Z,8,3,6,5,96.41
SUB-00136,2026-01-17T20:00:00Z,0,4,6,3,84.63
SUB-00136,2026-02-28T20:00:00Z,1,4,6,3,84.63
SUB-00136,2026-03-22T20:00:00Z,5,4,6,3,84.63
SUB-00137,2026-01-21T08:00:00Z,0,3,6,23,92.57
SUB-00137,2026-03-04T08:00:00Z,0,3,6,23,92.57
SUB-00137,2026-03-27T08:00:00Z,5,3,6,23,92.57
SUB-00138,2026-01-19T03:00:00Z,0,2,6,39,51.95
SUB-00138,2026-03-02T03:00:00Z,0,2,6,39,51.95
SUB-00139,2026-01-17T23:00:00Z,0,2,6,57,63.01
SUB-00139,2026-02-28T23:00:00Z,0,2,6,57,63.01
SUB-00140,2026-01-16T17:00:00Z,0,4,6,4,36.81
SUB-00140,2026-02-27T17:00:00Z,0,4,6,4,36.81
SUB-00140,2026-03-14T17:00:00Z,5,4,6,4,36.81
SUB-00141,2026-01-24T05:00:00Z,0,4,6,53,69.29
SUB-00141,2026-03-07T05:00:00Z,0,4,6,53,69.29
SUB-00141,2026-03-26T05:00:00Z,1,4,6,53,69.29
SUB-00142,2026-01-22T07:00:00Z,0,0,6,22,58.00
SUB-00142,2026-03-05T07:00:00Z,1,0,6,22,58.00
SUB-00143,2026-01-19T20:00:00Z,2,2,6,71,49.31
SUB-00143,2026-03-02T20:00:00Z,3,2,6,71,49.31
SUB-00144,2026-01-24T10:00:00Z,0,4,6,16,79.88
SUB-00144,2026-03-07T10:00:00Z,1,4,6,16,79.88
SUB-00144,2026-03-13T10:00:00Z,3,4,6,16,79.88
SUB-00145,2026-01-24T08:00:00Z,0,3,6,27,59.27
SUB-00145,2026-03-07T08:00:00Z,0,3,6,27,59.27
SUB-00145,2026-03-29T08:00:00Z,4,3,6,27,59.27
SUB-00146,2026-01-19T21:00:00Z,0,6,6,31,26.71
SUB-00146,2026-03-02T21:00:00Z,0,6,6,31,26.71
SUB-00146,2026-03-21T21:00:00Z,6,6,6,31,26.71
SUB-00147,2026-01-28T17:00:00Z,0,4,6,5,64.77
SUB-00147,2026-03-11T17:00:00Z,0,4,6,5,64.77
SUB-00147,2026-04-03T17:00:00Z,2,4,6,5,64.77
SUB-00148,2026-01-17T16:00:00Z,0,7,6,39,71.11
SUB-00148,2026-02-28T16:00:00Z,0,7,6,39,71.11
SUB-00148,2026-03-27T16:00:00Z,7,7,6,39,71.11
SUB-00149,2026-01-18T17:00:00Z,0,2,6,49,51.63
SUB-00149,2026-03-01T17:00:00Z,0,2,6,49,51.63
SUB-00149,2026-03-16T17:00:00Z,1,2,6,49,51.63
SUB-00150,2026-01-25T04:00:00Z,0,7,6,68,89.26
SUB-00150,2026-03-08T04:00:00Z,0,7,6,68,89.26
SUB-00150,2026-03-17T04:00:00Z,2,7,6,68,89.26
SUB-00151,2026-01-28T19:00:00Z,0,3,6,45,45.86
SUB-00151,2026-03-11T19:00:00Z,1,3,6,45,45.86
SUB-00152,2026-01-21T01:00:00Z,0,1,6,21,54.42
SUB-00152,2026-03-04T01:00:00Z,0,1,6,21,54.42
SUB-00152,2026-03-31T01:00:00Z,4,1,6,21,54.42
SUB-00153,2026-01-19T01:00:00Z,1,2,6,22,43.01
SUB-00153,2026-03-02T01:00:00Z,2,2,6,22,43.01
SUB-00153,2026-03-09T01:00:00Z,5,2,6,22,43.01
SUB-00154,2026-01-22T14:00:00Z,0,2,6,15,72.44
SUB-00154,2026-03-05T14:00:00Z,0,2,6,15,72.44
SUB-00154,2026-03-30T14:00:00Z,6,2,6,15,72.44
SUB-00155,2026-01-28T03:00:00Z,0,1,6,7,46.63
SUB-00155,2026-03-11T03:00:00Z,0,1,6,7,46.63
SUB-00155,2026-03-26T03:00:00Z,5,1,6,7,46.63
SUB-00156,2026-01-24T14:00:00Z,0,0,6,27,77.56
SUB-00156,2026-03-07T14:00:00Z,1,0,6,27,77.56
SUB-00157,2026-01-25T12:00:00Z,0,1,6,69,52.24
SUB-00157,2026-03-08T12:00:00Z,1,1,6,69,52.24
SUB-00158,2026-01-21T23:00:00Z,1,3,6,4,83.94
SUB-00158,2026-03-04T23:00:00Z,2,3,6,4,83.94
SUB-00158,2026-03-24T23:00:00Z,5,3,6,4,83.94
SUB-00159,2026-01-19T01:00:00Z,0,3,6,11,25.86
SUB-00159,2026-03-02T01:00:00Z,0,3,6,11,25.86
SUB-00159,2026-03-11T01:00:00Z,4,3,6,11,25.86
SUB-00160,2026-01-20T11:00:00Z,0,2,6,7,47.41
SUB-00160,2026-03-03T11:00:00Z,0,2,6,7,47.41
SUB-00160,2026-03-30T11:00:00Z,5,2,6,7,47.41
SUB-00161,2026-01-28T18:00:00Z,0,3,6,52,65.83
SUB-00161,2026-03-11T18:00:00Z,1,3,6,52,65.83
SUB-00162,2026-01-25T20:00:00Z,0,3,6,21,94.45
SUB-00162,2026-03-08T20:00:00Z,0,3,6,21,94.45
SUB-00162,2026-04-06T20:00:00Z,5,3,6,21,94.45
SUB-00163,2026-01-25T21:00:00Z,0,3,6,20,53.81
SUB-00163,2026-03-08T21:00:00Z,1,3,6,20,53.81
SUB-00163,2026-04-02T21:00:00Z,7,3,6,20,53.81
SUB-00164,2026-01-20T04:00:00Z,0,3,6,11,58.16
SUB-00164,2026-03-03T04:00:00Z,1,3,6,11,58.16
SUB-00164,2026-03-30T04:00:00Z,5,3,6,11,58.16
SUB-00165,2026-01-25T20:00:00Z,0,1,6,10,62.57
SUB-00165,2026-03-08T20:00:00Z,1,1,6,10,62.57
SUB-00165,2026-03-22T20:00:00Z,6,1,6,10,62.57
SUB-00166,2026-01-28T01:00:00Z,0,1,6,68,56.53
SUB-00166,2026-03-11T01:00:00Z,0,1,6,68,56.53
SUB-00167,2026-01-18T23:00:00Z,0,2,6,43,67.98
SUB-00167,2026-03-01T23:00:00Z,1,2,6,43,67.98
SUB-00168,2026-01-22T17:00:00Z,0,1,6,44,85.07
SUB-00168,2026-03-05T17:00:00Z,1,1,6,44,85.07
SUB-00169,2026-01-25T16:00:00Z,0,2,6,59,45.76
SUB-00169,2026-03-08T16:00:00Z,1,2,6,59,45.76
SUB-00169,2026-04-01T16:00:00Z,2,2,6,59,45.76
SUB-00170,2026-01-19T10:00:00Z,0,2,6,65,42.85
SUB-00170,2026-03-02T10:00:00Z,0,2,6,65,42.85
SUB-00171,2026-01-17T02:00:00Z,0,1,6,70,74.62
SUB-00171,2026-02-28T02:00:00Z,0,1,6,70,74.62
SUB-00172,2026-01-25T18:00:00Z,0,3,6,63,68.23
SUB-00172,2026-03-08T18:00:00Z,1,3,6,63,68.23
SUB-00173,2026-01-23T04:00:00Z,0,3,6,19,61.73
SUB-00173,2026-03-06T04:00:00Z,1,3,6,19,61.73
SUB-00173,2026-03-29T04:00:00Z,8,3,6,19,61.73
SUB-00174,2026-01-19T11:00:00Z,0,1,6,43,64.02
SUB-00174,2026-03-02T11:00:00Z,0,1,6,43,64.02
SUB-00175,2026-01-28T15:00:00Z,0,1,6,51,72.56
SUB-00175,2026-03-11T15:00:00Z,0,1,6,51,72.56
SUB-00176,2026-01-26T18:00:00Z,0,3,6,13,50.12
SUB-00176,2026-03-09T18:00:00Z,0,3,6,13,50.12
SUB-00176,2026-04-05T18:00:00Z,5,3,6,13,50.12
SUB-00177,2026-01-16T17:00:00Z,0,2,6,42,47.96
SUB-00177,2026-02-27T17:00:00Z,0,2,6,42,47.96
SUB-00177,2026-03-04T17:00:00Z,1,2,6,42,47.96
SUB-00178,2026-01-20T21:00:00Z,0,1,6,27,23.63
SUB-00178,2026-03-03T21:00:00Z,1,1,6,27,23.63
SUB-00178,2026-03-14T21:00:00Z,5,1,6,27,23.63
SUB-00179,2026-01-29T11:00:00Z,0,4,6,65,58.70
SUB-00179,2026-03-12T11:00:00Z,0,4,6,65,58.70
SUB-00180,2026-01-19T05:00:00Z,0,1,6,53,56.67
SUB-00180,2026-03-02T05:00:00Z,0,1,6,53,56.67
SUB-00181,2026-01-29T17:00:00Z,0,6,6,55,112.73
SUB-00181,2026-03-12T17:00:00Z,0,6,6,55,112.73
SUB-00181,2026-03-22T17:00:00Z,4,6,6,55,112.73
SUB-00182,2026-01-25T07:00:00Z,0,5,6,25,59.88
SUB-00182,2026-03-08T07:00:00Z,0,5,6,25,59.88
SUB-00182,2026-03-19T07:00:00Z,3,5,6,25,59.88
SUB-00183,2026-01-19T21:00:00Z,0,3,6,41,85.07
SUB-00183,2026-03-02T21:00:00Z,0,3,6,41,85.07
SUB-00183,2026-03-21T21:00:00Z,3,3,6,41,85.07
SUB-00184,2026-01-22T03:00:00Z,0,4,6,18,74.41
SUB-00184,2026-03-05T03:00:00Z,0,4,6,18,74.41
SUB-00184,2026-03-30T03:00:00Z,2,4,6,18,74.41
SUB-00185,2026-01-19T13:00:00Z,0,5,6,11,51.76
SUB-00185,2026-03-02T13:00:00Z,1,5,6,11,51.76
SUB-00185,2026-03-17T13:00:00Z,8,5,6,11,51.76
SUB-00186,2026-01-20T00:00:00Z,0,2,6,39,104.47
SUB-00186,2026-03-03T00:00:00Z,1,2,6,39,104.47
SUB-00187,2026-01-19T10:00:00Z,0,4,6,7,81.08
SUB-00187,2026-03-02T10:00:00Z,0,4,6,7,81.08
SUB-00187,2026-03-31T10:00:00Z,6,4,6,7,81.08
SUB-00188,2026-01-29T06:00:00Z,0,5,6,25,50.72
SUB-00188,2026-03-12T06:00:00Z,0,5,6,25,50.72
SUB-00188,2026-03-30T06:00:00Z,5,5,6,25,50.72
SUB-00189,2026-01-27T10:00:00Z,1,2,6,61,37.56
SUB-00189,2026-03-10T10:00:00Z,2,2,6,61,37.56
SUB-00190,2026-01-18T09:00:00Z,0,4,6,3,36.30
SUB-00190,2026-03-01T09:00:00Z,0,4,6,3,36.30
SUB-00190,2026-03-15T09:00:00Z,3,4,6,3,36.30
SUB-00191,2026-01-25T05:00:00Z,0,3,6,53,64.69
SUB-00191,2026-03-08T05:00:00Z,1,3,6,53,64.69
SUB-00192,2026-01-22T06:00:00Z,0,0,6,53,24.22
SUB-00192,2026-03-05T06:00:00Z,0,0,6,53,24.22
SUB-00193,2026-01-17T06:00:00Z,0,0,6,23,52.85
SUB-00193,2026-02-28T06:00:00Z,1,0,6,23,52.85
SUB-00194,2026-01-21T17:00:00Z,0,0,6,38,73.14
SUB-00194,2026-03-04T17:00:00Z,1,0,6,38,73.14
SUB-00195,2026-01-19T03:00:00Z,0,0,6,10,48.06
SUB-00195,2026-03-02T03:00:00Z,0,0,6,10,48.06
SUB-00196,2026-01-17T14:00:00Z,0,4,6,26,59.30
SUB-00196,2026-02-28T14:00:00Z,1,4,6,26,59.30
SUB-00196,2026-03-07T14:00:00Z,6,4,6,26,59.30
SUB-00197,2026-01-17T00:00:00Z,0,1,6,55,59.36
SUB-00197,2026-02-28T00:00:00Z,0,1,6,55,59.36
SUB-00198,2026-01-17T17:00:00Z,0,2,6,45,58.26
SUB-00198,2026-02-28T17:00:00Z,0,2,6,45,58.26
SUB-00199,2026-01-21T19:00:00Z,1,3,6,32,51.83
SUB-00199,2026-03-04T19:00:00Z,2,3,6,32,51.83
SUB-00199,2026-03-27T19:00:00Z,4,3,6,32,51.83
SUB-00200,2026-01-19T15:00:00Z,0,5,6,39,69.57
SUB-00200,2026-03-02T15:00:00Z,1,5,6,39,69.57
SUB-00200,2026-03-20T15:00:00Z,4,5,6,39,69.57
SUB-00201,2026-01-18T03:00:00Z,0,4,6,56,63.89
SUB-00201,2026-03-01T03:00:00Z,1,4,6,56,63.89
SUB-00201,2026-03-28T03:00:00Z,5,4,6,56,63.89
SUB-00202,2026-01-26T13:00:00Z,1,3,6,6,27.77
SUB-00202,2026-03-09T13:00:00Z,2,3,6,6,27.77
SUB-00202,2026-03-29T13:00:00Z,6,3,6,6,27.77
SUB-00203,2026-01-26T19:00:00Z,1,0,6,23,72.89
SUB-00203,2026-03-09T19:00:00Z,2,0,6,23,72.89
SUB-00204,2026-01-18T13:00:00Z,0,1,6,2,67.45
SUB-00204,2026-03-01T13:00:00Z,1,1,6,2,67.45
SUB-00204,2026-03-29T13:00:00Z,7,1,6,2,67.45
SUB-00205,2026-01-16T21:00:00Z,0,2,6,66,40.63
SUB-00205,2026-02-27T21:00:00Z,0,2,6,66,40.63
SUB-00206,2026-01-22T16:00:00Z,0,3,6,12,56.69
SUB-00206,2026-03-05T16:00:00Z,0,3,6,12,56.69
SUB-00206,2026-03-20T16:00:00Z,3,3,6,12,56.69
SUB-00207,2026-01-28T15:00:00Z,0,2,6,42,77.57
SUB-00207,2026-03-11T15:00:00Z,0,2,6,42,77.57
SUB-00208,2026-01-23T08:00:00Z,0,3,6,71,82.15
SUB-00208,2026-03-06T08:00:00Z,0,3,6,71,82.15
SUB-00209,2026-01-27T00:00:00Z,1,3,6,12,105.64
SUB-00209,2026-03-10T00:00:00Z,2,3,6,12,105.64
SUB-00209,2026-03-20T00:00:00Z,7,3,6,12,105.64
SUB-00210,2026-01-20T23:00:00Z,0,3,6,44,59.82
SUB-00210,2026-03-03T23:00:00Z,0,3,6,44,59.82
SUB-00210,2026-03-18T23:00:00Z,3,3,6,44,59.82
SUB-00211,2026-01-26T03:00:00Z,0,2,6,45,48.56
SUB-00211,2026-03-09T03:00:00Z,1,2,6,45,48.56
SUB-00212,2026-01-16T23:00:00Z,1,2,6,34,72.58
SUB-00212,2026-02-27T23:00:00Z,2,2,6,34,72.58
SUB-00213,2026-01-19T07:00:00Z,0,2,6,51,73.08
SUB-00213,2026-03-02T07:00:00Z,1,2,6,51,73.08
SUB-00214,2026-01-28T07:00:00Z,0,2,6,31,57.44
SUB-00214,2026-03-11T07:00:00Z,0,2,6,31,57.44
SUB-00215,2026-01-23T05:00:00Z,0,6,6,6,52.03
SUB-00215,2026-03-06T05:00:00Z,0,6,6,6,52.03
SUB-00215,2026-03-16T05:00:00Z,3,6,6,6,52.03
SUB-00216,2026-01-21T00:00:00Z,0,4,6,23,54.10
SUB-00216,2026-03-04T00:00:00Z,0,4,6,23,54.10
SUB-00216,2026-03-23T00:00:00Z,3,4,6,23,54.10
SUB-00217,2026-01-26T02:00:00Z,0,1,6,51,48.53
SUB-00217,2026-03-09T02:00:00Z,0,1,6,51,48.53
SUB-00218,2026-01-22T18:00:00Z,0,4,6,12,43.92
SUB-00218,2026-03-05T18:00:00Z,0,4,6,12,43.92
SUB-00218,2026-03-24T18:00:00Z,4,4,6,12,43.92
SUB-00219,2026-01-18T23:00:00Z,0,3,6,1,34.18
SUB-00219,2026-03-01T23:00:00Z,0,3,6,1,34.18
SUB-00219,2026-03-19T23:00:00Z,4,3,6,1,34.18
SUB-00220,2026-01-29T06:00:00Z,0,4,6,41,35.25
SUB-00220,2026-03-12T06:00:00Z,0,4,6,41,35.25
SUB-00220,2026-04-03T06:00:00Z,6,4,6,41,35.25
SUB-00221,2026-01-17T12:00:00Z,0,4,6,4,86.63
SUB-00221,2026-02-28T12:00:00Z,0,4,6,4,86.63
SUB-00221,2026-03-27T12:00:00Z,2,4,6,4,86.63
SUB-00222,2026-01-28T13:00:00Z,0,0,6,66,71.99
SUB-00222,2026-03-11T13:00:00Z,0,0,6,66,71.99
SUB-00223,2026-01-21T06:00:00Z,0,1,6,17,68.62
SUB-00223,2026-03-04T06:00:00Z,1,1,6,17,68.62
SUB-00224,2026-01-26T15:00:00Z,1,2,6,45,56.17
SUB-00224,2026-03-09T15:00:00Z,2,2,6,45,56.17
SUB-00225,2026-01-29T13:00:00Z,0,3,6,33,66.98
SUB-00225,2026-03-12T13:00:00Z,0,3,6,33,66.98
SUB-00225,2026-03-28T13:00:00Z,3,3,6,33,66.98
SUB-00226,2026-01-16T23:00:00Z,0,4,6,43,34.82
SUB-00226,2026-02-27T23:00:00Z,0,4,6,43,34.82
SUB-00226,2026-03-18T23:00:00Z,5,4,6,43,34.82
SUB-00227,2026-01-20T18:00:00Z,0,5,6,59,69.75
SUB-00227,2026-03-03T18:00:00Z,0,5,6,59,69.75
SUB-00227,2026-03-10T18:00:00Z,3,5,6,59,69.75
SUB-00228,2026-01-21T03:00:00Z,0,6,6,17,68.38
SUB-00228,2026-03-04T03:00:00Z,1,6,6,17,68.38
SUB-00228,2026-03-20T03:00:00Z,5,6,6,17,68.38
SUB-00229,2026-01-21T05:00:00Z,0,1,6,25,65.10
SUB-00229,2026-03-04T05:00:00Z,0,1,6,25,65.10
SUB-00230,2026-01-17T19:00:00Z,0,4,6,58,51.92
SUB-00230,2026-02-28T19:00:00Z,0,4,6,58,51.92
SUB-00231,2026-01-22T20:00:00Z,1,1,6,33,96.54
SUB-00231,2026-03-05T20:00:00Z,2,1,6,33,96.54
SUB-00232,2026-01-24T06:00:00Z,0,2,6,34,82.16
SUB-00232,2026-03-07T06:00:00Z,0,2,6,34,82.16
SUB-00233,2026-01-24T06:00:00Z,0,3,6,46,60.49
SUB-00233,2026-03-07T06:00:00Z,0,3,6,46,60.49
SUB-00233,2026-03-29T06:00:00Z,3,3,6,46,60.49
SUB-00234,2026-01-17T18:00:00Z,0,2,6,38,94.34
SUB-00234,2026-02-28T18:00:00Z,1,2,6,38,94.34
SUB-00235,2026-01-20T03:00:00Z,0,3,6,50,79.53
SUB-00235,2026-03-03T03:00:00Z,0,3,6,50,79.53
SUB-00236,2026-01-27T22:00:00Z,0,2,6,67,58.83
SUB-00236,2026-03-10T22:00:00Z,0,2,6,67,58.83
SUB-00237,2026-01-25T00:00:00Z,0,1,6,36,40.55
SUB-00237,2026-03-08T00:00:00Z,0,1,6,36,40.55
SUB-00238,2026-01-21T20:00:00Z,0,3,6,36,72.76
SUB-00238,2026-03-04T20:00:00Z,0,3,6,36,72.76
SUB-00238,2026-03-14T20:00:00Z,4,3,6,36,72.76
SUB-00239,2026-01-27T17:00:00Z,0,3,6,55,61.43
SUB-00239,2026-03-10T17:00:00Z,0,3,6,55,61.43
SUB-00240,2026-01-22T17:00:00Z,0,3,6,64,55.41
SUB-00240,2026-03-05T17:00:00Z,0,3,6,64,55.41
SUB-00241,2026-01-20T03:00:00Z,0,4,6,32,66.72
SUB-00241,2026-03-03T03:00:00Z,0,4,6,32,66.72
SUB-00241,2026-03-14T03:00:00Z,2,4,6,32,66.72
SUB-00242,2026-01-26T01:00:00Z,1,5,6,14,5.00
SUB-00242,2026-03-09T01:00:00Z,2,5,6,14,5.00
SUB-00242,2026-04-07T01:00:00Z,4,5,6,14,5.00
SUB-00243,2026-01-23T17:00:00Z,0,2,6,37,88.40
SUB-00243,2026-03-06T17:00:00Z,0,2,6,37,88.40
SUB-00244,2026-01-21T02:00:00Z,0,1,6,26,72.05
SUB-00244,2026-03-04T02:00:00Z,1,1,6,26,72.05
SUB-00245,2026-01-30T01:00:00Z,0,3,6,16,74.60
SUB-00245,2026-03-13T01:00:00Z,0,3,6,16,74.60
SUB-00245,2026-04-02T01:00:00Z,5,3,6,16,74.60
SUB-00246,2026-01-22T10:00:00Z,0,1,6,60,55.42
SUB-00246,2026-03-05T10:00:00Z,0,1,6,60,55.42
SUB-00247,2026-01-28T22:00:00Z,0,3,6,4,44.00
SUB-00247,2026-03-11T22:00:00Z,1,3,6,4,44.00
SUB-00247,2026-03-16T22:00:00Z,6,3,6,4,44.00
SUB-00248,2026-01-28T06:00:00Z,0,5,6,30,49.30
SUB-00248,2026-03-11T06:00:00Z,1,5,6,30,49.30
SUB-00248,2026-03-24T06:00:00Z,3,5,6,30,49.30
SUB-00249,2026-01-19T08:00:00Z,0,2,6,33,56.34
SUB-00249,2026-03-02T08:00:00Z,0,2,6,33,56.34
SUB-00249,2026-03-21T08:00:00Z,5,2,6,33,56.34
SUB-00250,2026-01-25T00:00:00Z,0,3,6,71,41.61
SUB-00250,2026-03-08T00:00:00Z,0,3,6,71,41.61
SUB-00250,2026-03-23T00:00:00Z,1,3,6,71,41.61
SUB-00251,2026-01-29T03:00:00Z,0,1,6,60,39.35
SUB-00251,2026-03-12T03:00:00Z,0,1,6,60,39.35
SUB-00252,2026-01-23T17:00:00Z,0,2,6,20,35.63
SUB-00252,2026-03-06T17:00:00Z,0,2,6,20,35.63
SUB-00252,2026-03-28T17:00:00Z,2,2,6,20,35.63
SUB-00253,2026-01-16T10:00:00Z,0,4,6,71,56.15
SUB-00253,2026-02-27T10:00:00Z,1,4,6,71,56.15
SUB-00254,2026-01-22T13:00:00Z,0,3,6,1,60.01
SUB-00254,2026-03-05T13:00:00Z,0,3,6,1,60.01
SUB-00254,2026-03-11T13:00:00Z,3,3,6,1,60.01
SUB-00255,2026-01-27T00:00:00Z,0,3,6,29,69.15
SUB-00255,2026-03-10T00:00:00Z,1,3,6,29,69.15
SUB-00255,2026-04-08T00:00:00Z,5,3,6,29,69.15
SUB-00256,2026-01-18T05:00:00Z,0,2,6,1,65.04
SUB-00256,2026-03-01T05:00:00Z,0,2,6,1,65.04
SUB-00256,2026-03-24T05:00:00Z,5,2,6,1,65.04
SUB-00257,2026-01-19T01:00:00Z,0,1,6,23,79.14
SUB-00257,2026-03-02T01:00:00Z,0,1,6,23,79.14
SUB-00258,2026-01-26T18:00:00Z,0,1,6,6,83.68
SUB-00258,2026-03-09T18:00:00Z,0,1,6,6,83.68
SUB-00258,2026-04-01T18:00:00Z,1,1,6,6,83.68
SUB-00259,2026-01-26T04:00:00Z,1,1,6,61,76.42
SUB-00259,2026-03-09T04:00:00Z,2,1,6,61,76.42
SUB-00260,2026-01-23T01:00:00Z,0,4,6,32,61.59
SUB-00260,2026-03-06T01:00:00Z,0,4,6,32,61.59
SUB-00260,2026-03-18T01:00:00Z,4,4,6,32,61.59
SUB-00261,2026-01-29T10:00:00Z,0,5,6,19,91.76
SUB-00261,2026-03-12T10:00:00Z,1,5,6,19,91.76
SUB-00261,2026-04-05T10:00:00Z,5,5,6,19,91.76
SUB-00262,2026-01-21T20:00:00Z,1,2,6,57,83.65
SUB-00262,2026-03-04T20:00:00Z,2,2,6,57,83.65
SUB-00263,2026-01-30T04:00:00Z,0,4,6,2,55.56
SUB-00263,2026-03-13T04:00:00Z,0,4,6,2,55.56
SUB-00263,2026-04-01T04:00:00Z,4,4,6,2,55.56
SUB-00264,2026-01-26T19:00:00Z,1,2,6,56,47.81
SUB-00264,2026-03-09T19:00:00Z,2,2,6,56,47.81
SUB-00265,2026-01-21T13:00:00Z,0,3,6,56,78.38
SUB-00265,2026-03-04T13:00:00Z,0,3,6,56,78.38
SUB-00265,2026-03-27T13:00:00Z,1,3,6,56,78.38
SUB-00266,2026-01-23T22:00:00Z,0,3,6,24,86.42
SUB-00266,2026-03-06T22:00:00Z,1,3,6,24,86.42
SUB-00266,2026-03-25T22:00:00Z,5,3,6,24,86.42
SUB-00267,2026-01-23T08:00:00Z,0,0,6,70,59.07
SUB-00267,2026-03-06T08:00:00Z,0,0,6,70,59.07
SUB-00268,2026-01-19T16:00:00Z,0,3,6,40,65.81
SUB-00268,2026-03-02T16:00:00Z,0,3,6,40,65.81
SUB-00268,2026-03-26T16:00:00Z,5,3,6,40,65.81
SUB-00269,2026-01-26T21:00:00Z,0,2,6,6,41.90
SUB-00269,2026-03-09T21:00:00Z,1,2,6,6,41.90
SUB-00269,2026-04-03T21:00:00Z,5,2,6,6,41.90
SUB-00270,2026-01-17T18:00:00Z,0,3,6,71,65.58
SUB-00270,2026-02-28T18:00:00Z,0,3,6,71,65.58
SUB-00271,2026-01-20T02:00:00Z,0,5,6,16,79.67
SUB-00271,2026-03-03T02:00:00Z,0,5,6,16,79.67
SUB-00271,2026-03-13T02:00:00Z,4,5,6,16,79.67
SUB-00272,2026-01-25T23:00:00Z,0,0,6,35,95.78
SUB-00272,2026-03-08T23:00:00Z,1,0,6,35,95.78
SUB-00273,2026-01-30T07:00:00Z,0,0,6,63,55.72
SUB-00273,2026-03-13T07:00:00Z,0,0,6,63,55.72
SUB-00274,2026-01-19T01:00:00Z,0,1,6,25,79.23
SUB-00274,2026-03-02T01:00:00Z,0,1,6,25,79.23
SUB-00275,2026-01-18T18:00:00Z,0,1,6,30,33.94
SUB-00275,2026-03-01T18:00:00Z,0,1,6,30,33.94
SUB-00275,2026-03-26T18:00:00Z,2,1,6,30,33.94
SUB-00276,2026-01-16T12:00:00Z,0,3,6,46,51.98
SUB-00276,2026-02-27T12:00:00Z,1,3,6,46,51.98
SUB-00276,2026-03-04T12:00:00Z,8,3,6,46,51.98
SUB-00277,2026-01-17T00:00:00Z,0,2,6,54,41.64
SUB-00277,2026-02-28T00:00:00Z,0,2,6,54,41.64
SUB-00278,2026-01-19T07:00:00Z,0,1,6,26,52.07
SUB-00278,2026-03-02T07:00:00Z,0,1,6,26,52.07
SUB-00278,2026-03-13T07:00:00Z,5,1,6,26,52.07
SUB-00279,2026-01-22T03:00:00Z,1,1,6,61,47.74
SUB-00279,2026-03-05T03:00:00Z,2,1,6,61,47.74
SUB-00280,2026-01-29T03:00:00Z,0,1,6,2,39.26
SUB-00280,2026-03-12T03:00:00Z,0,1,6,2,39.26
SUB-00280,2026-03-24T03:00:00Z,4,1,6,2,39.26
SUB-00281,2026-01-26T05:00:00Z,0,2,6,45,71.26
SUB-00281,2026-03-09T05:00:00Z,1,2,6,45,71.26
SUB-00282,2026-01-26T09:00:00Z,0,1,6,47,82.88
SUB-00282,2026-03-09T09:00:00Z,1,1,6,47,82.88
SUB-00283,2026-01-23T00:00:00Z,1,1,6,14,74.60
SUB-00283,2026-03-06T00:00:00Z,2,1,6,14,74.60
SUB-00283,2026-03-13T00:00:00Z,6,1,6,14,74.60
SUB-00284,2026-01-17T14:00:00Z,0,0,6,6,63.64
SUB-00284,2026-02-28T14:00:00Z,0,0,6,6,63.64
SUB-00284,2026-03-26T14:00:00Z,6,0,6,6,63.64
SUB-00285,2026-01-21T03:00:00Z,0,0,6,8,51.03
SUB-00285,2026-03-04T03:00:00Z,0,0,6,8,51.03
SUB-00286,2026-01-27T04:00:00Z,0,2,6,65,36.51
SUB-00286,2026-03-10T04:00:00Z,0,2,6,65,36.51
SUB-00287,2026-01-25T02:00:00Z,0,2,6,12,58.72
SUB-00287,2026-03-08T02:00:00Z,0,2,6,12,58.72
SUB-00287,2026-04-05T02:00:00Z,5,2,6,12,58.72
SUB-00288,2026-01-24T04:00:00Z,0,0,6,5,30.19
SUB-00288,2026-03-07T04:00:00Z,0,0,6,5,30.19
SUB-00288,2026-03-28T04:00:00Z,6,0,6,5,30.19
SUB-00289,2026-01-22T13:00:00Z,0,4,6,12,21.89
SUB-00289,2026-03-05T13:00:00Z,0,4,6,12,21.89
SUB-00289,2026-03-29T13:00:00Z,3,4,6,12,21.89
SUB-00290,2026-01-24T10:00:00Z,0,5,6,26,80.63
SUB-00290,2026-03-07T10:00:00Z,1,5,6,26,80.63
SUB-00290,2026-03-26T10:00:00Z,5,5,6,26,80.63
SUB-00291,2026-01-17T21:00:00Z,0,0,6,58,18.18
SUB-00291,2026-02-28T21:00:00Z,0,0,6,58,18.18
SUB-00292,2026-01-18T22:00:00Z,0,3,6,70,65.71
SUB-00292,2026-03-01T22:00:00Z,0,3,6,70,65.71
SUB-00293,2026-01-27T06:00:00Z,0,3,6,15,73.86
SUB-00293,2026-03-10T06:00:00Z,1,3,6,15,73.86
SUB-00293,2026-03-31T06:00:00Z,5,3,6,15,73.86
SUB-00294,2026-01-16T11:00:00Z,2,3,6,27,83.35
SUB-00294,2026-02-27T11:00:00Z,3,3,6,27,83.35
SUB-00294,2026-03-05T11:00:00Z,9,3,6,27,83.35
SUB-00295,2026-01-23T05:00:00Z,0,4,6,33,20.79
SUB-00295,2026-03-06T05:00:00Z,1,4,6,33,20.79
SUB-00295,2026-04-02T05:00:00Z,6,4,6,33,20.79
SUB-00296,2026-01-27T10:00:00Z,1,2,6,29,52.61
SUB-00296,2026-03-10T10:00:00Z,2,2,6,29,52.61
SUB-00296,2026-04-03T10:00:00Z,9,2,6,29,52.61
SUB-00297,2026-01-16T15:00:00Z,0,3,6,36,64.05
SUB-00297,2026-02-27T15:00:00Z,0,3,6,36,64.05
SUB-00297,2026-03-27T15:00:00Z,4,3,6,36,64.05
SUB-00298,2026-01-24T02:00:00Z,0,4,6,44,48.44
SUB-00298,2026-03-07T02:00:00Z,0,4,6,44,48.44
SUB-00298,2026-03-14T02:00:00Z,4,4,6,44,48.44
SUB-00299,2026-01-24T14:00:00Z,0,2,6,52,59.13
SUB-00299,2026-03-07T14:00:00Z,1,2,6,52,59.13
SUB-00300,2026-01-25T01:00:00Z,0,1,6,50,41.47
SUB-00300,2026-03-08T01:00:00Z,0,1,6,50,41.47
SUB-00301,2026-01-26T01:00:00Z,0,2,6,46,72.66
SUB-00301,2026-03-09T01:00:00Z,0,2,6,46,72.66
SUB-00302,2026-01-17T13:00:00Z,0,1,6,20,68.02
SUB-00302,2026-02-28T13:00:00Z,0,1,6,20,68.02
SUB-00302,2026-03-07T13:00:00Z,3,1,6,20,68.02
SUB-00303,2026-01-17T08:00:00Z,0,1,6,10,58.91
SUB-00303,2026-02-28T08:00:00Z,0,1,6,10,58.91
SUB-00304,2026-01-29T16:00:00Z,0,7,6,22,47.19
SUB-00304,2026-03-12T16:00:00Z,0,7,6,22,47.19
SUB-00304,2026-03-20T16:00:00Z,5,7,6,22,47.19
SUB-00305,2026-01-17T13:00:00Z,0,0,6,22,56.05
SUB-00305,2026-02-28T13:00:00Z,0,0,6,22,56.05
SUB-00306,2026-01-18T16:00:00Z,0,5,6,13,57.70
SUB-00306,2026-03-01T16:00:00Z,0,5,6,13,57.70
SUB-00306,2026-03-22T16:00:00Z,4,5,6,13,57.70
SUB-00307,2026-01-21T12:00:00Z,0,3,6,23,40.87
SUB-00307,2026-03-04T12:00:00Z,0,3,6,23,40.87
SUB-00307,2026-03-29T12:00:00Z,4,3,6,23,40.87
SUB-00308,2026-01-23T04:00:00Z,0,3,6,3,43.29
SUB-00308,2026-03-06T04:00:00Z,0,3,6,3,43.29
SUB-00308,2026-03-26T04:00:00Z,3,3,6,3,43.29
SUB-00309,2026-01-19T01:00:00Z,0,2,6,20,68.60
SUB-00309,2026-03-02T01:00:00Z,0,2,6,20,68.60
SUB-00309,2026-03-07T01:00:00Z,5,2,6,20,68.60
SUB-00310,2026-01-30T03:00:00Z,0,2,6,37,84.94
SUB-00310,2026-03-13T03:00:00Z,1,2,6,37,84.94
SUB-00311,2026-01-22T05:00:00Z,0,1,6,7,38.16
SUB-00311,2026-03-05T05:00:00Z,0,1,6,7,38.16
SUB-00311,2026-03-21T05:00:00Z,3,1,6,7,38.16
SUB-00312,2026-01-19T16:00:00Z,0,3,6,52,53.42
SUB-00312,2026-03-02T16:00:00Z,1,3,6,52,53.42
SUB-00312,2026-03-14T16:00:00Z,7,3,6,52,53.42
SUB-00313,2026-01-19T15:00:00Z,0,2,6,64,33.34
SUB-00313,2026-03-02T15:00:00Z,0,2,6,64,33.34
SUB-00314,2026-01-21T10:00:00Z,0,0,6,60,5.00
SUB-00314,2026-03-04T10:00:00Z,1,0,6,60,5.00
SUB-00315,2026-01-23T11:00:00Z,0,2,6,66,49.74
SUB-00315,2026-03-06T11:00:00Z,0,2,6,66,49.74
SUB-00316,2026-01-18T11:00:00Z,0,2,6,71,65.56
SUB-00316,2026-03-01T11:00:00Z,0,2,6,71,65.56
SUB-00316,2026-03-26T11:00:00Z,1,2,6,71,65.56
SUB-00317,2026-01-24T14:00:00Z,0,1,6,58,102.03
SUB-00317,2026-03-07T14:00:00Z,1,1,6,58,102.03
SUB-00318,2026-01-18T12:00:00Z,0,1,6,46,55.76
SUB-00318,2026-03-01T12:00:00Z,0,1,6,46,55.76
SUB-00319,2026-01-21T10:00:00Z,0,3,6,49,53.45
SUB-00319,2026-03-04T10:00:00Z,0,3,6,49,53.45
SUB-00319,2026-03-23T10:00:00Z,6,3,6,49,53.45
SUB-00320,2026-01-18T08:00:00Z,0,3,6,24,76.52
SUB-00320,2026-03-01T08:00:00Z,0,3,6,24,76.52
SUB-00320,2026-03-29T08:00:00Z,4,3,6,24,76.52
SUB-00321,2026-01-17T21:00:00Z,1,5,6,41,39.44
SUB-00321,2026-02-28T21:00:00Z,2,5,6,41,39.44
SUB-00321,2026-03-26T21:00:00Z,10,5,6,41,39.44
SUB-00322,2026-01-21T10:00:00Z,0,1,6,29,64.20
SUB-00322,2026-03-04T10:00:00Z,0,1,6,29,64.20
SUB-00323,2026-01-27T00:00:00Z,0,3,6,61,32.56
SUB-00323,2026-03-10T00:00:00Z,0,3,6,61,32.56
SUB-00323,2026-03-22T00:00:00Z,5,3,6,61,32.56
SUB-00324,2026-01-19T03:00:00Z,0,1,6,46,59.15
SUB-00324,2026-03-02T03:00:00Z,0,1,6,46,59.15
SUB-00325,2026-01-23T16:00:00Z,0,9,6,70,28.08
SUB-00325,2026-03-06T16:00:00Z,0,9,6,70,28.08
SUB-00325,2026-03-17T16:00:00Z,4,9,6,70,28.08
SUB-00326,2026-01-20T23:00:00Z,0,5,6,61,59.32
SUB-00326,2026-03-03T23:00:00Z,0,5,6,61,59.32
SUB-00326,2026-03-11T23:00:00Z,2,5,6,61,59.32
SUB-00327,2026-01-28T21:00:00Z,0,4,6,68,29.18
SUB-00327,2026-03-11T21:00:00Z,0,4,6,68,29.18
SUB-00327,2026-03-26T21:00:00Z,1,4,6,68,29.18
SUB-00328,2026-01-24T00:00:00Z,0,2,6,8,38.22
SUB-00328,2026-03-07T00:00:00Z,0,2,6,8,38.22
SUB-00328,2026-03-20T00:00:00Z,5,2,6,8,38.22
SUB-00329,2026-01-22T15:00:00Z,0,3,6,20,67.72
SUB-00329,2026-03-05T15:00:00Z,1,3,6,20,67.72
SUB-00329,2026-03-22T15:00:00Z,4,3,6,20,67.72
SUB-00330,2026-01-18T19:00:00Z,0,0,6,46,53.55
SUB-00330,2026-03-01T19:00:00Z,0,0,6,46,53.55
SUB-00331,2026-01-22T06:00:00Z,0,2,6,6,75.84
SUB-00331,2026-03-05T06:00:00Z,0,2,6,6,75.84
SUB-00331,2026-03-27T06:00:00Z,3,2,6,6,75.84
SUB-00332,2026-01-17T06:00:00Z,0,4,6,2,33.50
SUB-00332,2026-02-28T06:00:00Z,1,4,6,2,33.50
SUB-00332,2026-03-13T06:00:00Z,6,4,6,2,33.50
SUB-00333,2026-01-26T00:00:00Z,0,1,6,43,74.24
SUB-00333,2026-03-09T00:00:00Z,0,1,6,43,74.24
SUB-00334,2026-01-29T16:00:00Z,0,2,6,21,59.11
SUB-00334,2026-03-12T16:00:00Z,1,2,6,21,59.11
SUB-00334,2026-04-03T16:00:00Z,6,2,6,21,59.11
SUB-00335,2026-01-27T22:00:00Z,0,1,6,58,67.37
SUB-00335,2026-03-10T22:00:00Z,0,1,6,58,67.37
SUB-00336,2026-01-26T16:00:00Z,0,2,6,2,65.50
SUB-00336,2026-03-09T16:00:00Z,1,2,6,2,65.50
SUB-00336,2026-03-17T16:00:00Z,5,2,6,2,65.50
SUB-00337,2026-01-19T18:00:00Z,0,1,6,48,100.42
SUB-00337,2026-03-02T18:00:00Z,1,1,6,48,100.42
SUB-00338,2026-01-21T09:00:00Z,0,5,6,37,74.94
SUB-00338,2026-03-04T09:00:00Z,0,5,6,37,74.94
SUB-00338,2026-03-22T09:00:00Z,3,5,6,37,74.94
SUB-00339,2026-01-27T09:00:00Z,0,0,6,63,81.74
SUB-00339,2026-03-10T09:00:00Z,1,0,6,63,81.74
SUB-00340,2026-01-26T15:00:00Z,0,2,6,33,25.40
SUB-00340,2026-03-09T15:00:00Z,1,2,6,33,25.40
SUB-00340,2026-03-18T15:00:00Z,4,2,6,33,25.40
SUB-00341,2026-01-28T10:00:00Z,0,2,6,20,75.14
SUB-00341,2026-03-11T10:00:00Z,0,2,6,20,75.14
SUB-00341,2026-04-09T10:00:00Z,4,2,6,20,75.14
SUB-00342,2026-01-17T19:00:00Z,0,6,6,54,37.60
SUB-00342,2026-02-28T19:00:00Z,0,6,6,54,37.60
SUB-00342,2026-03-21T19:00:00Z,2,6,6,54,37.60
SUB-00343,2026-01-17T04:00:00Z,0,2,6,31,47.90
SUB-00343,2026-02-28T04:00:00Z,1,2,6,31,47.90
SUB-00344,2026-01-20T05:00:00Z,0,3,6,51,72.11
SUB-00344,2026-03-03T05:00:00Z,1,3,6,51,72.11
SUB-00344,2026-03-31T05:00:00Z,6,3,6,51,72.11
SUB-00345,2026-01-24T19:00:00Z,0,1,6,51,96.18
SUB-00345,2026-03-07T19:00:00Z,0,1,6,51,96.18
SUB-00346,2026-01-24T10:00:00Z,0,1,6,59,55.70
SUB-00346,2026-03-07T10:00:00Z,0,1,6,59,55.70
SUB-00347,2026-01-26T00:00:00Z,0,2,6,65,50.87
SUB-00347,2026-03-09T00:00:00Z,0,2,6,65,50.87
SUB-00348,2026-01-19T23:00:00Z,0,2,6,52,42.61
SUB-00348,2026-03-02T23:00:00Z,1,2,6,52,42.61
SUB-00349,2026-01-22T17:00:00Z,0,1,6,22,65.14
SUB-00349,2026-03-05T17:00:00Z,0,1,6,22,65.14
SUB-00349,2026-03-16T17:00:00Z,2,1,6,22,65.14
SUB-00350,2026-01-28T21:00:00Z,0,8,6,56,15.34
SUB-00350,2026-03-11T21:00:00Z,0,8,6,56,15.34
SUB-00350,2026-03-26T21:00:00Z,1,8,6,56,15.34
SUB-00351,2026-01-22T17:00:00Z,0,3,6,60,33.27
SUB-00351,2026-03-05T17:00:00Z,1,3,6,60,33.27
SUB-00352,2026-01-27T03:00:00Z,0,1,6,33,60.52
SUB-00352,2026-03-10T03:00:00Z,1,1,6,33,60.52
SUB-00353,2026-01-25T09:00:00Z,0,4,6,25,60.73
SUB-00353,2026-03-08T09:00:00Z,1,4,6,25,60.73
SUB-00353,2026-03-17T09:00:00Z,3,4,6,25,60.73
SUB-00354,2026-01-26T21:00:00Z,1,2,6,1,73.50
SUB-00354,2026-03-09T21:00:00Z,2,2,6,1,73.50
SUB-00354,2026-03-29T21:00:00Z,5,2,6,1,73.50
SUB-00355,2026-01-17T21:00:00Z,0,2,6,28,59.57
SUB-00355,2026-02-28T21:00:00Z,0,2,6,28,59.57
SUB-00356,2026-01-30T03:00:00Z,0,3,6,22,60.87
SUB-00356,2026-03-13T03:00:00Z,0,3,6,22,60.87
SUB-00356,2026-03-21T03:00:00Z,5,3,6,22,60.87
SUB-00357,2026-01-19T19:00:00Z,0,1,6,29,51.94
SUB-00357,2026-03-02T19:00:00Z,0,1,6,29,51.94
SUB-00358,2026-01-27T07:00:00Z,0,4,6,67,64.48
SUB-00358,2026-03-10T07:00:00Z,1,4,6,67,64.48
SUB-00359,2026-01-16T09:00:00Z,0,2,6,51,35.52
SUB-00359,2026-02-27T09:00:00Z,1,2,6,51,35.52
SUB-00359,2026-03-26T09:00:00Z,7,2,6,51,35.52
SUB-00360,2026-01-20T13:00:00Z,0,4,6,68,33.11
SUB-00360,2026-03-03T13:00:00Z,0,4,6,68,33.11
SUB-00360,2026-03-09T13:00:00Z,5,4,6,68,33.11
SUB-00361,2026-01-27T15:00:00Z,0,3,6,4,42.31
SUB-00361,2026-03-10T15:00:00Z,0,3,6,4,42.31
SUB-00361,2026-03-29T15:00:00Z,3,3,6,4,42.31
SUB-00362,2026-01-22T22:00:00Z,0,5,6,9,34.58
SUB-00362,2026-03-05T22:00:00Z,1,5,6,9,34.58
SUB-00362,2026-03-29T22:00:00Z,9,5,6,9,34.58
SUB-00363,2026-01-28T22:00:00Z,0,1,6,1,69.27
SUB-00363,2026-03-11T22:00:00Z,0,1,6,1,69.27
SUB-00363,2026-03-19T22:00:00Z,7,1,6,1,69.27
SUB-00364,2026-01-19T19:00:00Z,0,8,6,68,55.15
SUB-00364,2026-03-02T19:00:00Z,1,8,6,68,55.15
SUB-00364,2026-03-18T19:00:00Z,2,8,6,68,55.15
SUB-00365,2026-01-17T08:00:00Z,0,2,6,21,74.63
SUB-00365,2026-02-28T08:00:00Z,1,2,6,21,74.63
SUB-00365,2026-03-24T08:00:00Z,5,2,6,21,74.63
SUB-00366,2026-01-16T12:00:00Z,0,1,6,71,27.64
SUB-00366,2026-02-27T12:00:00Z,0,1,6,71,27.64
SUB-00367,2026-01-25T08:00:00Z,0,2,6,26,71.04
SUB-00367,2026-03-08T08:00:00Z,0,2,6,26,71.04
SUB-00368,2026-01-18T11:00:00Z,0,6,6,45,47.96
SUB-00368,2026-03-01T11:00:00Z,1,6,6,45,47.96
SUB-00368,2026-03-20T11:00:00Z,3,6,6,45,47.96
SUB-00369,2026-01-20T03:00:00Z,0,2,6,50,60.87
SUB-00369,2026-03-03T03:00:00Z,0,2,6,50,60.87
SUB-00370,2026-01-26T00:00:00Z,0,1,6,1,30.38
SUB-00370,2026-03-09T00:00:00Z,1,1,6,1,30.38
SUB-00370,2026-03-17T00:00:00Z,7,1,6,1,30.38
SUB-00371,2026-01-23T10:00:00Z,0,1,6,63,40.48
SUB-00371,2026-03-06T10:00:00Z,0,1,6,63,40.48
SUB-00372,2026-01-25T07:00:00Z,0,1,6,44,70.26
SUB-00372,2026-03-08T07:00:00Z,0,1,6,44,70.26
SUB-00373,2026-01-19T01:00:00Z,0,2,6,59,92.90
SUB-00373,2026-03-02T01:00:00Z,0,2,6,59,92.90
SUB-00374,2026-01-23T19:00:00Z,0,1,6,6,87.64
SUB-00374,2026-03-06T19:00:00Z,0,1,6,6,87.64
SUB-00375,2026-01-25T06:00:00Z,0,2,6,15,44.59
SUB-00375,2026-03-08T06:00:00Z,0,2,6,15,44.59
SUB-00375,2026-03-16T06:00:00Z,6,2,6,15,44.59
SUB-00376,2026-01-23T21:00:00Z,0,1,6,28,35.90
SUB-00376,2026-03-06T21:00:00Z,0,1,6,28,35.90
SUB-00376,2026-04-04T21:00:00Z,2,1,6,28,35.90
SUB-00377,2026-01-24T02:00:00Z,0,1,6,41,110.12
SUB-00377,2026-03-07T02:00:00Z,0,1,6,41,110.12
SUB-00378,2026-01-19T09:00:00Z,0,2,6,15,64.63
SUB-00378,2026-03-02T09:00:00Z,1,2,6,15,64.63
SUB-00378,2026-03-18T09:00:00Z,10,2,6,15,64.63
SUB-00379,2026-01-28T06:00:00Z,0,3,6,26,57.50
SUB-00379,2026-03-11T06:00:00Z,0,3,6,26,57.50
SUB-00379,2026-03-19T06:00:00Z,2,3,6,26,57.50
SUB-00380,2026-01-26T18:00:00Z,1,1,6,68,64.20
SUB-00380,2026-03-09T18:00:00Z,2,1,6,68,64.20
SUB-00381,2026-01-24T02:00:00Z,0,1,6,40,69.87
SUB-00381,2026-03-07T02:00:00Z,0,1,6,40,69.87
SUB-00381,2026-03-26T02:00:00Z,1,1,6,40,69.87
SUB-00382,2026-01-26T20:00:00Z,0,4,6,68,26.03
SUB-00382,2026-03-09T20:00:00Z,0,4,6,68,26.03
SUB-00382,2026-03-23T20:00:00Z,5,4,6,68,26.03
SUB-00383,2026-01-16T08:00:00Z,0,1,6,46,44.50
SUB-00383,2026-02-27T08:00:00Z,0,1,6,46,44.50
SUB-00384,2026-01-19T14:00:00Z,0,3,6,11,58.04
SUB-00384,2026-03-02T14:00:00Z,0,3,6,11,58.04
SUB-00384,2026-03-18T14:00:00Z,5,3,6,11,58.04
SUB-00385,2026-01-23T09:00:00Z,0,3,6,1,59.12
SUB-00385,2026-03-06T09:00:00Z,1,3,6,1,59.12
SUB-00385,2026-03-21T09:00:00Z,3,3,6,1,59.12
SUB-00386,2026-01-24T07:00:00Z,0,2,6,31,62.46
SUB-00386,2026-03-07T07:00:00Z,0,2,6,31,62.46
SUB-00387,2026-01-27T18:00:00Z,0,2,6,28,39.30
SUB-00387,2026-03-10T18:00:00Z,0,2,6,28,39.30
SUB-00387,2026-03-22T18:00:00Z,10,2,6,28,39.30
SUB-00388,2026-01-19T07:00:00Z,0,3,6,63,31.85
SUB-00388,2026-03-02T07:00:00Z,0,3,6,63,31.85
SUB-00388,2026-03-30T07:00:00Z,3,3,6,63,31.85
SUB-00389,2026-01-23T10:00:00Z,0,2,6,30,81.69
SUB-00389,2026-03-06T10:00:00Z,1,2,6,30,81.69
SUB-00390,2026-01-27T06:00:00Z,0,3,6,12,57.84
SUB-00390,2026-03-10T06:00:00Z,0,3,6,12,57.84
SUB-00390,2026-03-27T06:00:00Z,5,3,6,12,57.84
SUB-00391,2026-01-22T00:00:00Z,0,1,6,65,53.45
SUB-00391,2026-03-05T00:00:00Z,0,1,6,65,53.45
SUB-00392,2026-01-26T07:00:00Z,0,1,6,71,62.43
SUB-00392,2026-03-09T07:00:00Z,1,1,6,71,62.43
SUB-00392,2026-03-28T07:00:00Z,2,1,6,71,62.43
SUB-00393,2026-01-18T06:00:00Z,0,1,6,64,66.22
SUB-00393,2026-03-01T06:00:00Z,0,1,6,64,66.22
SUB-00394,2026-01-18T07:00:00Z,0,1,6,68,75.02
SUB-00394,2026-03-01T07:00:00Z,0,1,6,68,75.02
SUB-00395,2026-01-20T13:00:00Z,0,1,6,14,34.95
SUB-00395,2026-03-03T13:00:00Z,1,1,6,14,34.95
SUB-00395,2026-03-28T13:00:00Z,4,1,6,14,34.95
SUB-00396,2026-01-20T02:00:00Z,0,0,6,53,65.72
SUB-00396,2026-03-03T02:00:00Z,1,0,6,53,65.72
SUB-00396,2026-03-23T02:00:00Z,2,0,6,53,65.72
SUB-00397,2026-01-21T11:00:00Z,0,2,6,26,58.09
SUB-00397,2026-03-04T11:00:00Z,1,2,6,26,58.09
SUB-00397,2026-04-02T11:00:00Z,5,2,6,26,58.09
SUB-00398,2026-01-21T22:00:00Z,0,1,6,28,78.96
SUB-00398,2026-03-04T22:00:00Z,0,1,6,28,78.96
SUB-00399,2026-01-24T04:00:00Z,0,2,6,25,17.88
SUB-00399,2026-03-07T04:00:00Z,0,2,6,25,17.88
SUB-00399,2026-03-24T04:00:00Z,4,2,6,25,17.88
SUB-00400,2026-01-17T23:00:00Z,0,4,6,37,68.03
SUB-00400,2026-02-28T23:00:00Z,0,4,6,37,68.03
SUB-00400,2026-03-05T23:00:00Z,4,4,6,37,68.03
SUB-00401,2026-01-16T14:00:00Z,0,1,6,64,113.51
SUB-00401,2026-02-27T14:00:00Z,0,1,6,64,113.51
SUB-00402,2026-01-19T15:00:00Z,1,4,6,13,47.31
SUB-00402,2026-03-02T15:00:00Z,2,4,6,13,47.31
SUB-00402,2026-03-08T15:00:00Z,6,4,6,13,47.31
SUB-00403,2026-01-19T02:00:00Z,0,1,6,44,63.92
SUB-00403,2026-03-02T02:00:00Z,1,1,6,44,63.92
SUB-00404,2026-01-27T09:00:00Z,0,2,6,17,89.78
SUB-00404,2026-03-10T09:00:00Z,0,2,6,17,89.78
SUB-00405,2026-01-19T23:00:00Z,0,4,6,53,54.47
SUB-00405,2026-03-02T23:00:00Z,0,4,6,53,54.47
SUB-00405,2026-03-31T23:00:00Z,5,4,6,53,54.47
SUB-00406,2026-01-22T01:00:00Z,0,2,6,24,90.39
SUB-00406,2026-03-05T01:00:00Z,0,2,6,24,90.39
SUB-00406,2026-03-12T01:00:00Z,3,2,6,24,90.39
SUB-00407,2026-01-22T08:00:00Z,0,0,6,32,63.60
SUB-00407,2026-03-05T08:00:00Z,0,0,6,32,63.60
SUB-00407,2026-03-11T08:00:00Z,1,0,6,32,63.60
SUB-00408,2026-01-24T15:00:00Z,0,3,6,20,70.78
SUB-00408,2026-03-07T15:00:00Z,0,3,6,20,70.78
SUB-00408,2026-04-01T15:00:00Z,4,3,6,20,70.78
SUB-00409,2026-01-17T11:00:00Z,0,3,6,22,62.28
SUB-00409,2026-02-28T11:00:00Z,0,3,6,22,62.28
SUB-00409,2026-03-29T11:00:00Z,3,3,6,22,62.28
SUB-00410,2026-01-29T10:00:00Z,0,6,6,68,32.48
SUB-00410,2026-03-12T10:00:00Z,1,6,6,68,32.48
SUB-00410,2026-04-09T10:00:00Z,4,6,6,68,32.48
SUB-00411,2026-01-23T00:00:00Z,0,3,6,70,69.20
SUB-00411,2026-03-06T00:00:00Z,0,3,6,70,69.20
SUB-00412,2026-01-24T00:00:00Z,0,5,6,38,53.90
SUB-00412,2026-03-07T00:00:00Z,1,5,6,38,53.90
SUB-00412,2026-03-15T00:00:00Z,5,5,6,38,53.90
SUB-00413,2026-01-22T21:00:00Z,0,2,6,22,78.72
SUB-00413,2026-03-05T21:00:00Z,0,2,6,22,78.72
SUB-00413,2026-03-14T21:00:00Z,2,2,6,22,78.72
SUB-00414,2026-01-24T09:00:00Z,0,1,6,65,48.64
SUB-00414,2026-03-07T09:00:00Z,1,1,6,65,48.64
SUB-00415,2026-01-23T02:00:00Z,0,3,6,16,55.02
SUB-00415,2026-03-06T02:00:00Z,0,3,6,16,55.02
SUB-00415,2026-03-25T02:00:00Z,4,3,6,16,55.02
SUB-00416,2026-01-18T03:00:00Z,0,3,6,45,48.15
SUB-00416,2026-03-01T03:00:00Z,1,3,6,45,48.15
SUB-00416,2026-03-22T03:00:00Z,3,3,6,45,48.15
SUB-00417,2026-01-19T03:00:00Z,0,1,6,52,65.57
SUB-00417,2026-03-02T03:00:00Z,0,1,6,52,65.57
SUB-00418,2026-01-24T22:00:00Z,0,0,6,59,72.10
SUB-00418,2026-03-07T22:00:00Z,0,0,6,59,72.10
SUB-00419,2026-01-16T08:00:00Z,0,2,6,15,59.90
SUB-00419,2026-02-27T08:00:00Z,0,2,6,15,59.90
SUB-00419,2026-03-25T08:00:00Z,4,2,6,15,59.90
SUB-00420,2026-01-24T21:00:00Z,0,3,6,31,79.06
SUB-00420,2026-03-07T21:00:00Z,0,3,6,31,79.06
SUB-00420,2026-03-15T21:00:00Z,2,3,6,31,79.06
SUB-00421,2026-01-21T12:00:00Z,0,5,6,19,59.84
SUB-00421,2026-03-04T12:00:00Z,0,5,6,19,59.84
SUB-00421,2026-04-02T12:00:00Z,3,5,6,19,59.84
SUB-00422,2026-01-25T15:00:00Z,0,1,6,42,76.56
SUB-00422,2026-03-08T15:00:00Z,0,1,6,42,76.56
SUB-00423,2026-01-23T21:00:00Z,1,4,6,18,61.57
SUB-00423,2026-03-06T21:00:00Z,2,4,6,18,61.57
SUB-00423,2026-03-25T21:00:00Z,8,4,6,18,61.57
SUB-00424,2026-01-23T15:00:00Z,0,2,6,48,58.80
SUB-00424,2026-03-06T15:00:00Z,0,2,6,48,58.80
SUB-00425,2026-01-21T17:00:00Z,1,0,6,1,57.18
SUB-00425,2026-03-04T17:00:00Z,2,0,6,1,57.18
SUB-00426,2026-01-28T08:00:00Z,1,0,6,35,26.77
SUB-00426,2026-03-11T08:00:00Z,2,0,6,35,26.77
SUB-00427,2026-01-18T07:00:00Z,0,2,6,59,43.86
SUB-00427,2026-03-01T07:00:00Z,0,2,6,59,43.86
SUB-00428,2026-01-21T08:00:00Z,0,4,6,60,87.62
SUB-00428,2026-03-04T08:00:00Z,0,4,6,60,87.62
SUB-00429,2026-01-21T17:00:00Z,0,5,6,67,54.88
SUB-00429,2026-03-04T17:00:00Z,0,5,6,67,54.88
SUB-00430,2026-01-17T04:00:00Z,0,1,6,70,90.06
SUB-00430,2026-02-28T04:00:00Z,1,1,6,70,90.06
SUB-00431,2026-01-26T13:00:00Z,0,3,6,47,63.53
SUB-00431,2026-03-09T13:00:00Z,1,3,6,47,63.53
SUB-00431,2026-03-30T13:00:00Z,5,3,6,47,63.53
SUB-00432,2026-01-21T23:00:00Z,1,1,6,54,80.26
SUB-00432,2026-03-04T23:00:00Z,2,1,6,54,80.26
SUB-00433,2026-01-17T05:00:00Z,0,3,6,51,23.48
SUB-00433,2026-02-28T05:00:00Z,0,3,6,51,23.48
SUB-00434,2026-01-20T07:00:00Z,0,4,6,30,74.03
SUB-00434,2026-03-03T07:00:00Z,0,4,6,30,74.03
SUB-00434,2026-03-25T07:00:00Z,3,4,6,30,74.03
SUB-00435,2026-01-17T13:00:00Z,0,3,6,30,64.22
SUB-00435,2026-02-28T13:00:00Z,0,3,6,30,64.22
SUB-00435,2026-03-22T13:00:00Z,1,3,6,30,64.22
SUB-00436,2026-01-27T18:00:00Z,0,3,6,11,50.57
SUB-00436,2026-03-10T18:00:00Z,1,3,6,11,50.57
SUB-00436,2026-03-25T18:00:00Z,4,3,6,11,50.57
SUB-00437,2026-01-19T02:00:00Z,0,2,6,64,41.48
SUB-00437,2026-03-02T02:00:00Z,1,2,6,64,41.48
SUB-00438,2026-01-22T20:00:00Z,0,5,6,18,71.07
SUB-00438,2026-03-05T20:00:00Z,0,5,6,18,71.07
SUB-00438,2026-03-12T20:00:00Z,2,5,6,18,71.07
SUB-00439,2026-01-18T00:00:00Z,0,2,6,52,83.04
SUB-00439,2026-03-01T00:00:00Z,0,2,6,52,83.04
SUB-00440,2026-01-27T03:00:00Z,0,2,6,64,42.27
SUB-00440,2026-03-10T03:00:00Z,1,2,6,64,42.27
SUB-00441,2026-01-28T09:00:00Z,0,1,6,21,52.29
SUB-00441,2026-03-11T09:00:00Z,1,1,6,21,52.29
SUB-00441,2026-04-08T09:00:00Z,3,1,6,21,52.29
SUB-00442,2026-01-28T18:00:00Z,0,5,6,2,45.26
SUB-00442,2026-03-11T18:00:00Z,1,5,6,2,45.26
SUB-00442,2026-03-26T18:00:00Z,7,5,6,2,45.26
SUB-00443,2026-01-30T06:00:00Z,0,2,6,62,53.44
SUB-00443,2026-03-13T06:00:00Z,1,2,6,62,53.44
SUB-00444,2026-01-25T00:00:00Z,0,3,6,37,59.79
SUB-00444,2026-03-08T00:00:00Z,0,3,6,37,59.79
SUB-00444,2026-03-22T00:00:00Z,3,3,6,37,59.79
SUB-00445,2026-01-23T20:00:00Z,0,1,6,41,60.32
SUB-00445,2026-03-06T20:00:00Z,1,1,6,41,60.32
SUB-00446,2026-01-19T13:00:00Z,0,1,6,42,76.52
SUB-00446,2026-03-02T13:00:00Z,0,1,6,42,76.52
SUB-00447,2026-01-22T00:00:00Z,0,1,6,18,68.87
SUB-00447,2026-03-05T00:00:00Z,0,1,6,18,68.87
SUB-00448,2026-01-23T09:00:00Z,1,4,6,66,13.57
SUB-00448,2026-03-06T09:00:00Z,2,4,6,66,13.57
SUB-00448,2026-03-27T09:00:00Z,4,4,6,66,13.57
SUB-00449,2026-01-29T09:00:00Z,0,3,6,60,22.58
SUB-00449,2026-03-12T09:00:00Z,1,3,6,60,22.58
SUB-00449,2026-03-30T09:00:00Z,4,3,6,60,22.58
SUB-00450,2026-01-17T08:00:00Z,0,1,6,59,54.50
SUB-00450,2026-02-28T08:00:00Z,0,1,6,59,54.50
SUB-00451,2026-01-24T18:00:00Z,0,2,6,63,26.21
SUB-00451,2026-03-07T18:00:00Z,0,2,6,63,26.21
SUB-00452,2026-01-26T12:00:00Z,0,2,6,65,30.58
SUB-00452,2026-03-09T12:00:00Z,0,2,6,65,30.58
SUB-00453,2026-01-23T15:00:00Z,0,2,6,30,69.90
SUB-00453,2026-03-06T15:00:00Z,0,2,6,30,69.90
SUB-00453,2026-03-24T15:00:00Z,3,2,6,30,69.90
SUB-00454,2026-01-27T14:00:00Z,0,3,6,8,78.89
SUB-00454,2026-03-10T14:00:00Z,0,3,6,8,78.89
SUB-00454,2026-03-28T14:00:00Z,3,3,6,8,78.89
SUB-00455,2026-01-27T01:00:00Z,0,2,6,40,15.86
SUB-00455,2026-03-10T01:00:00Z,0,2,6,40,15.86
SUB-00456,2026-01-20T02:00:00Z,0,3,6,21,59.73
SUB-00456,2026-03-03T02:00:00Z,0,3,6,21,59.73
SUB-00456,2026-03-18T02:00:00Z,4,3,6,21,59.73
SUB-00457,2026-01-19T12:00:00Z,0,4,6,21,28.53
SUB-00457,2026-03-02T12:00:00Z,0,4,6,21,28.53
SUB-00457,2026-03-27T12:00:00Z,3,4,6,21,28.53
SUB-00458,2026-01-29T10:00:00Z,0,2,6,29,51.54
SUB-00458,2026-03-12T10:00:00Z,0,2,6,29,51.54
SUB-00459,2026-01-26T14:00:00Z,0,2,6,70,69.37
SUB-00459,2026-03-09T14:00:00Z,0,2,6,70,69.37
SUB-00460,2026-01-25T16:00:00Z,0,4,6,49,70.60
SUB-00460,2026-03-08T16:00:00Z,1,4,6,49,70.60
SUB-00460,2026-03-14T16:00:00Z,5,4,6,49,70.60
SUB-00461,2026-01-18T18:00:00Z,0,1,6,17,28.90
SUB-00461,2026-03-01T18:00:00Z,1,1,6,17,28.90
SUB-00461,2026-03-23T18:00:00Z,2,1,6,17,28.90
SUB-00462,2026-01-27T21:00:00Z,0,2,6,13,57.94
SUB-00462,2026-03-10T21:00:00Z,1,2,6,13,57.94
SUB-00462,2026-04-07T21:00:00Z,4,2,6,13,57.94
SUB-00463,2026-01-16T21:00:00Z,0,2,6,34,66.60
SUB-00463,2026-02-27T21:00:00Z,0,2,6,34,66.60
SUB-00464,2026-01-20T23:00:00Z,0,3,6,16,48.86
SUB-00464,2026-03-03T23:00:00Z,0,3,6,16,48.86
SUB-00464,2026-03-08T23:00:00Z,4,3,6,16,48.86
SUB-00465,2026-01-29T04:00:00Z,0,4,6,1,79.93
SUB-00465,2026-03-12T04:00:00Z,0,4,6,1,79.93
SUB-00465,2026-04-01T04:00:00Z,2,4,6,1,79.93
SUB-00466,2026-01-21T21:00:00Z,0,2,6,68,71.72
SUB-00466,2026-03-04T21:00:00Z,0,2,6,68,71.72
SUB-00467,2026-01-26T08:00:00Z,1,4,6,71,115.44
SUB-00467,2026-03-09T08:00:00Z,2,4,6,71,115.44
SUB-00468,2026-01-27T21:00:00Z,0,1,6,16,90.16
SUB-00468,2026-03-10T21:00:00Z,0,1,6,16,90.16
SUB-00469,2026-01-27T04:00:00Z,0,0,6,41,40.88
SUB-00469,2026-03-10T04:00:00Z,0,0,6,41,40.88
SUB-00470,2026-01-17T13:00:00Z,0,2,6,32,42.04
SUB-00470,2026-02-28T13:00:00Z,0,2,6,32,42.04
SUB-00470,2026-03-21T13:00:00Z,5,2,6,32,42.04
SUB-00471,2026-01-23T13:00:00Z,0,2,6,11,47.50
SUB-00471,2026-03-06T13:00:00Z,0,2,6,11,47.50
SUB-00471,2026-03-24T13:00:00Z,2,2,6,11,47.50
SUB-00472,2026-01-20T05:00:00Z,0,0,6,44,74.47
SUB-00472,2026-03-03T05:00:00Z,0,0,6,44,74.47
SUB-00473,2026-01-25T22:00:00Z,0,1,6,37,14.63
SUB-00473,2026-03-08T22:00:00Z,0,1,6,37,14.63
SUB-00474,2026-01-20T09:00:00Z,0,2,6,54,45.69
SUB-00474,2026-03-03T09:00:00Z,0,2,6,54,45.69
SUB-00475,2026-01-25T06:00:00Z,0,0,6,3,68.32
SUB-00475,2026-03-08T06:00:00Z,1,0,6,3,68.32
SUB-00476,2026-01-17T02:00:00Z,0,5,6,16,45.47
SUB-00476,2026-02-28T02:00:00Z,0,5,6,16,45.47
SUB-00476,2026-03-05T02:00:00Z,7,5,6,16,45.47
SUB-00477,2026-01-26T07:00:00Z,0,3,6,56,70.38
SUB-00477,2026-03-09T07:00:00Z,0,3,6,56,70.38
SUB-00478,2026-01-22T18:00:00Z,0,4,6,23,17.91
SUB-00478,2026-03-05T18:00:00Z,0,4,6,23,17.91
SUB-00478,2026-04-01T18:00:00Z,3,4,6,23,17.91
SUB-00479,2026-01-26T14:00:00Z,1,4,6,56,79.65
SUB-00479,2026-03-09T14:00:00Z,2,4,6,56,79.65
SUB-00480,2026-01-18T17:00:00Z,0,1,6,26,55.16
SUB-00480,2026-03-01T17:00:00Z,1,1,6,26,55.16
SUB-00481,2026-01-26T01:00:00Z,1,2,6,38,86.42
SUB-00481,2026-03-09T01:00:00Z,2,2,6,38,86.42
SUB-00482,2026-01-17T17:00:00Z,0,1,6,9,50.25
SUB-00482,2026-02-28T17:00:00Z,0,1,6,9,50.25
SUB-00482,2026-03-24T17:00:00Z,2,1,6,9,50.25
SUB-00483,2026-01-18T21:00:00Z,0,3,6,68,46.63
SUB-00483,2026-03-01T21:00:00Z,1,3,6,68,46.63
SUB-00484,2026-01-24T11:00:00Z,0,3,6,57,67.60
SUB-00484,2026-03-07T11:00:00Z,1,3,6,57,67.60
SUB-00485,2026-01-16T15:00:00Z,0,5,6,1,37.64
SUB-00485,2026-02-27T15:00:00Z,0,5,6,1,37.64
SUB-00485,2026-03-10T15:00:00Z,6,5,6,1,37.64
SUB-00486,2026-01-27T04:00:00Z,0,6,6,23,53.72
SUB-00486,2026-03-10T04:00:00Z,0,6,6,23,53.72
SUB-00486,2026-03-20T04:00:00Z,7,6,6,23,53.72
SUB-00487,2026-01-23T10:00:00Z,0,3,6,70,98.83
SUB-00487,2026-03-06T10:00:00Z,1,3,6,70,98.83
SUB-00488,2026-01-21T09:00:00Z,0,0,6,18,80.69
SUB-00488,2026-03-04T09:00:00Z,0,0,6,18,80.69
SUB-00489,2026-01-27T17:00:00Z,0,3,6,70,89.73
SUB-00489,2026-03-10T17:00:00Z,0,3,6,70,89.73
SUB-00490,2026-01-28T07:00:00Z,2,1,6,35,56.54
SUB-00490,2026-03-11T07:00:00Z,3,1,6,35,56.54
SUB-00491,2026-01-18T17:00:00Z,0,5,6,55,51.35
SUB-00491,2026-03-01T17:00:00Z,1,5,6,55,51.35
SUB-00491,2026-03-11T17:00:00Z,6,5,6,55,51.35
SUB-00492,2026-01-28T05:00:00Z,0,6,6,9,62.57
SUB-00492,2026-03-11T05:00:00Z,0,6,6,9,62.57
SUB-00492,2026-04-04T05:00:00Z,4,6,6,9,62.57
SUB-00493,2026-01-28T05:00:00Z,0,3,6,25,69.27
SUB-00493,2026-03-11T05:00:00Z,0,3,6,25,69.27
SUB-00493,2026-03-26T05:00:00Z,5,3,6,25,69.27
SUB-00494,2026-01-25T12:00:00Z,0,2,6,53,41.56
SUB-00494,2026-03-08T12:00:00Z,0,2,6,53,41.56
SUB-00495,2026-01-22T11:00:00Z,0,6,6,43,35.01
SUB-00495,2026-03-05T11:00:00Z,0,6,6,43,35.01
SUB-00495,2026-03-19T11:00:00Z,4,6,6,43,35.01
SUB-00496,2026-01-19T14:00:00Z,0,3,6,49,86.11
SUB-00496,2026-03-02T14:00:00Z,1,3,6,49,86.11
SUB-00496,2026-03-23T14:00:00Z,2,3,6,49,86.11
SUB-00497,2026-01-26T16:00:00Z,0,2,6,62,75.78
SUB-00497,2026-03-09T16:00:00Z,0,2,6,62,75.78
SUB-00498,2026-01-17T13:00:00Z,0,2,6,28,39.42
SUB-00498,2026-02-28T13:00:00Z,1,2,6,28,39.42
SUB-00498,2026-03-07T13:00:00Z,4,2,6,28,39.42
SUB-00499,2026-01-27T18:00:00Z,0,3,6,20,41.12
SUB-00499,2026-03-10T18:00:00Z,0,3,6,20,41.12
SUB-00499,2026-03-31T18:00:00Z,4,3,6,20,41.12
SUB-00500,2026-01-29T21:00:00Z,0,1,6,5,50.80
SUB-00500,2026-03-12T21:00:00Z,0,1,6,5,50.80
SUB-00500,2026-04-09T21:00:00Z,3,1,6,5,50.80
SUB-00501,2026-01-21T18:00:00Z,0,1,6,18,51.21
SUB-00501,2026-03-04T18:00:00Z,0,1,6,18,51.21
SUB-00502,2026-01-18T06:00:00Z,0,0,6,45,27.81
SUB-00502,2026-03-01T06:00:00Z,1,0,6,45,27.81
SUB-00503,2026-01-22T10:00:00Z,0,4,6,15,59.79
SUB-00503,2026-03-05T10:00:00Z,0,4,6,15,59.79
SUB-00503,2026-03-12T10:00:00Z,7,4,6,15,59.79
SUB-00504,2026-01-26T03:00:00Z,0,4,6,37,39.71
SUB-00504,2026-03-09T03:00:00Z,0,4,6,37,39.71
SUB-00504,2026-04-01T03:00:00Z,4,4,6,37,39.71
SUB-00505,2026-01-22T06:00:00Z,0,1,6,69,49.91
SUB-00505,2026-03-05T06:00:00Z,0,1,6,69,49.91
SUB-00506,2026-01-20T07:00:00Z,0,1,6,52,63.77
SUB-00506,2026-03-03T07:00:00Z,0,1,6,52,63.77
SUB-00507,2026-01-18T10:00:00Z,0,2,6,31,74.20
SUB-00507,2026-03-01T10:00:00Z,0,2,6,31,74.20
SUB-00508,2026-01-26T21:00:00Z,0,1,6,64,77.35
SUB-00508,2026-03-09T21:00:00Z,0,1,6,64,77.35
SUB-00509,2026-01-29T03:00:00Z,0,1,6,11,75.18
SUB-00509,2026-03-12T03:00:00Z,1,1,6,11,75.18
SUB-00510,2026-01-24T08:00:00Z,0,3,6,34,39.87
SUB-00510,2026-03-07T08:00:00Z,0,3,6,34,39.87
SUB-00510,2026-03-23T08:00:00Z,4,3,6,34,39.87
SUB-00511,2026-01-29T10:00:00Z,0,2,6,60,77.32
SUB-00511,2026-03-12T10:00:00Z,0,2,6,60,77.32
SUB-00512,2026-01-17T07:00:00Z,0,1,6,1,81.41
SUB-00512,2026-02-28T07:00:00Z,0,1,6,1,81.41
SUB-00512,2026-03-05T07:00:00Z,3,1,6,1,81.41
SUB-00513,2026-01-25T20:00:00Z,1,1,6,4,92.27
SUB-00513,2026-03-08T20:00:00Z,2,1,6,4,92.27
SUB-00513,2026-03-28T20:00:00Z,4,1,6,4,92.27
SUB-00514,2026-01-17T19:00:00Z,0,3,6,23,54.70
SUB-00514,2026-02-28T19:00:00Z,0,3,6,23,54.70
SUB-00514,2026-03-19T19:00:00Z,3,3,6,23,54.70
SUB-00515,2026-01-23T09:00:00Z,0,3,6,3,24.78
SUB-00515,2026-03-06T09:00:00Z,0,3,6,3,24.78
SUB-00515,2026-04-04T09:00:00Z,2,3,6,3,24.78
SUB-00516,2026-01-26T16:00:00Z,0,2,6,14,74.48
SUB-00516,2026-03-09T16:00:00Z,1,2,6,14,74.48
SUB-00516,2026-03-21T16:00:00Z,3,2,6,14,74.48
SUB-00517,2026-01-19T21:00:00Z,0,3,6,8,68.48
SUB-00517,2026-03-02T21:00:00Z,1,3,6,8,68.48
SUB-00517,2026-03-24T21:00:00Z,5,3,6,8,68.48
SUB-00518,2026-01-27T13:00:00Z,0,5,6,18,62.13
SUB-00518,2026-03-10T13:00:00Z,1,5,6,18,62.13
SUB-00518,2026-03-29T13:00:00Z,10,5,6,18,62.13
SUB-00519,2026-01-19T13:00:00Z,0,0,6,57,54.28
SUB-00519,2026-03-02T13:00:00Z,0,0,6,57,54.28
SUB-00520,2026-01-17T16:00:00Z,1,3,6,21,59.25
SUB-00520,2026-02-28T16:00:00Z,2,3,6,21,59.25
SUB-00520,2026-03-21T16:00:00Z,7,3,6,21,59.25
SUB-00521,2026-01-22T21:00:00Z,1,2,6,9,65.37
SUB-00521,2026-03-05T21:00:00Z,2,2,6,9,65.37
SUB-00521,2026-04-03T21:00:00Z,4,2,6,9,65.37
SUB-00522,2026-01-16T09:00:00Z,0,1,6,20,40.92
SUB-00522,2026-02-27T09:00:00Z,0,1,6,20,40.92
SUB-00522,2026-03-15T09:00:00Z,4,1,6,20,40.92
SUB-00523,2026-01-21T14:00:00Z,0,4,6,68,46.28
SUB-00523,2026-03-04T14:00:00Z,0,4,6,68,46.28
SUB-00524,2026-01-24T01:00:00Z,0,3,6,45,58.98
SUB-00524,2026-03-07T01:00:00Z,1,3,6,45,58.98
SUB-00524,2026-03-22T01:00:00Z,3,3,6,45,58.98
SUB-00525,2026-01-28T12:00:00Z,0,2,6,21,75.98
SUB-00525,2026-03-11T12:00:00Z,0,2,6,21,75.98
SUB-00525,2026-04-09T12:00:00Z,4,2,6,21,75.98
SUB-00526,2026-01-21T16:00:00Z,0,0,6,64,70.96
SUB-00526,2026-03-04T16:00:00Z,0,0,6,64,70.96
SUB-00527,2026-01-24T04:00:00Z,1,2,6,31,62.32
SUB-00527,2026-03-07T04:00:00Z,2,2,6,31,62.32
SUB-00527,2026-03-17T04:00:00Z,5,2,6,31,62.32
SUB-00528,2026-01-23T11:00:00Z,1,4,6,55,70.18
SUB-00528,2026-03-06T11:00:00Z,2,4,6,55,70.18
SUB-00529,2026-01-20T19:00:00Z,0,4,6,70,29.24
SUB-00529,2026-03-03T19:00:00Z,0,4,6,70,29.24
SUB-00529,2026-03-24T19:00:00Z,3,4,6,70,29.24
SUB-00530,2026-01-25T15:00:00Z,0,2,6,60,43.81
SUB-00530,2026-03-08T15:00:00Z,0,2,6,60,43.81
SUB-00531,2026-01-24T18:00:00Z,0,3,6,12,79.57
SUB-00531,2026-03-07T18:00:00Z,0,3,6,12,79.57
SUB-00531,2026-04-01T18:00:00Z,5,3,6,12,79.57
SUB-00532,2026-01-26T23:00:00Z,0,2,6,15,45.38
SUB-00532,2026-03-09T23:00:00Z,1,2,6,15,45.38
SUB-00532,2026-03-23T23:00:00Z,5,2,6,15,45.38
SUB-00533,2026-01-29T07:00:00Z,1,3,6,37,48.66
SUB-00533,2026-03-12T07:00:00Z,2,3,6,37,48.66
SUB-00533,2026-04-05T07:00:00Z,7,3,6,37,48.66
SUB-00534,2026-01-25T09:00:00Z,0,4,6,50,74.86
SUB-00534,2026-03-08T09:00:00Z,1,4,6,50,74.86
SUB-00535,2026-01-19T09:00:00Z,0,3,6,55,67.07
SUB-00535,2026-03-02T09:00:00Z,0,3,6,55,67.07
SUB-00536,2026-01-24T08:00:00Z,0,1,6,35,51.03
SUB-00536,2026-03-07T08:00:00Z,1,1,6,35,51.03
SUB-00536,2026-03-30T08:00:00Z,6,1,6,35,51.03
SUB-00537,2026-01-22T20:00:00Z,0,2,6,60,51.81
SUB-00537,2026-03-05T20:00:00Z,0,2,6,60,51.81
SUB-00538,2026-01-22T07:00:00Z,0,2,6,48,44.28
SUB-00538,2026-03-05T07:00:00Z,1,2,6,48,44.28
SUB-00539,2026-01-28T15:00:00Z,0,6,6,4,53.12
SUB-00539,2026-03-11T15:00:00Z,0,6,6,4,53.12
SUB-00539,2026-03-30T15:00:00Z,3,6,6,4,53.12
SUB-00540,2026-01-28T13:00:00Z,0,1,6,66,14.20
SUB-00540,2026-03-11T13:00:00Z,0,1,6,66,14.20
SUB-00541,2026-01-28T03:00:00Z,0,2,6,35,65.92
SUB-00541,2026-03-11T03:00:00Z,0,2,6,35,65.92
SUB-00541,2026-03-25T03:00:00Z,4,2,6,35,65.92
SUB-00542,2026-01-21T17:00:00Z,0,1,6,17,69.89
SUB-00542,2026-03-04T17:00:00Z,0,1,6,17,69.89
SUB-00543,2026-01-17T12:00:00Z,0,0,6,8,55.56
SUB-00543,2026-02-28T12:00:00Z,0,0,6,8,55.56
SUB-00544,2026-01-21T00:00:00Z,0,5,6,47,40.87
SUB-00544,2026-03-04T00:00:00Z,0,5,6,47,40.87
SUB-00544,2026-03-12T00:00:00Z,3,5,6,47,40.87
SUB-00545,2026-01-27T12:00:00Z,0,1,6,14,66.92
SUB-00545,2026-03-10T12:00:00Z,0,1,6,14,66.92
SUB-00545,2026-03-16T12:00:00Z,4,1,6,14,66.92
SUB-00546,2026-01-19T03:00:00Z,0,2,6,62,43.54
SUB-00546,2026-03-02T03:00:00Z,1,2,6,62,43.54
SUB-00547,2026-01-25T23:00:00Z,0,2,6,5,62.41
SUB-00547,2026-03-08T23:00:00Z,1,2,6,5,62.41
SUB-00547,2026-03-15T23:00:00Z,5,2,6,5,62.41
SUB-00548,2026-01-26T20:00:00Z,1,2,6,32,91.71
SUB-00548,2026-03-09T20:00:00Z,2,2,6,32,91.71
SUB-00549,2026-01-26T00:00:00Z,0,0,6,54,35.18
SUB-00549,2026-03-09T00:00:00Z,0,0,6,54,35.18
SUB-00550,2026-01-18T04:00:00Z,0,2,6,32,47.55
SUB-00550,2026-03-01T04:00:00Z,0,2,6,32,47.55
SUB-00551,2026-01-20T13:00:00Z,0,3,6,49,28.02
SUB-00551,2026-03-03T13:00:00Z,1,3,6,49,28.02
SUB-00551,2026-03-27T13:00:00Z,6,3,6,49,28.02
SUB-00552,2026-01-19T06:00:00Z,1,1,6,22,56.26
SUB-00552,2026-03-02T06:00:00Z,2,1,6,22,56.26
SUB-00553,2026-01-21T23:00:00Z,0,3,6,46,57.77
SUB-00553,2026-03-04T23:00:00Z,0,3,6,46,57.77
SUB-00553,2026-03-26T23:00:00Z,3,3,6,46,57.77
SUB-00554,2026-01-29T09:00:00Z,0,1,6,68,55.54
SUB-00554,2026-03-12T09:00:00Z,0,1,6,68,55.54
SUB-00555,2026-01-17T06:00:00Z,0,2,6,3,40.21
SUB-00555,2026-02-28T06:00:00Z,1,2,6,3,40.21
SUB-00555,2026-03-24T06:00:00Z,3,2,6,3,40.21
SUB-00556,2026-01-20T16:00:00Z,0,2,6,11,52.80
SUB-00556,2026-03-03T16:00:00Z,0,2,6,11,52.80
SUB-00556,2026-03-18T16:00:00Z,1,2,6,11,52.80
SUB-00557,2026-01-29T07:00:00Z,0,3,6,60,64.37
SUB-00557,2026-03-12T07:00:00Z,0,3,6,60,64.37
SUB-00557,2026-04-10T07:00:00Z,1,3,6,60,64.37
SUB-00558,2026-01-29T17:00:00Z,0,1,6,51,46.30
SUB-00558,2026-03-12T17:00:00Z,1,1,6,51,46.30
SUB-00559,2026-01-28T05:00:00Z,0,1,6,21,40.07
SUB-00559,2026-03-11T05:00:00Z,1,1,6,21,40.07
SUB-00559,2026-04-09T05:00:00Z,4,1,6,21,40.07
SUB-00560,2026-01-23T03:00:00Z,0,1,6,50,65.10
SUB-00560,2026-03-06T03:00:00Z,1,1,6,50,65.10
SUB-00561,2026-01-21T12:00:00Z,0,3,6,35,93.10
SUB-00561,2026-03-04T12:00:00Z,0,3,6,35,93.10
SUB-00561,2026-03-19T12:00:00Z,8,3,6,35,93.10
SUB-00562,2026-01-26T20:00:00Z,0,4,6,13,42.27
SUB-00562,2026-03-09T20:00:00Z,1,4,6,13,42.27
SUB-00562,2026-04-02T20:00:00Z,4,4,6,13,42.27
SUB-00563,2026-01-22T08:00:00Z,0,1,6,27,67.68
SUB-00563,2026-03-05T08:00:00Z,0,1,6,27,67.68
SUB-00563,2026-04-03T08:00:00Z,8,1,6,27,67.68
SUB-00564,2026-01-21T09:00:00Z,0,0,6,4,34.85
SUB-00564,2026-03-04T09:00:00Z,0,0,6,4,34.85
SUB-00564,2026-03-15T09:00:00Z,4,0,6,4,34.85
SUB-00565,2026-01-23T06:00:00Z,1,2,6,19,60.33
SUB-00565,2026-03-06T06:00:00Z,2,2,6,19,60.33
SUB-00566,2026-01-24T14:00:00Z,0,1,6,71,58.79
SUB-00566,2026-03-07T14:00:00Z,1,1,6,71,58.79
SUB-00567,2026-01-29T06:00:00Z,0,3,6,58,48.37
SUB-00567,2026-03-12T06:00:00Z,0,3,6,58,48.37
SUB-00568,2026-01-22T05:00:00Z,0,1,6,4,43.88
SUB-00568,2026-03-05T05:00:00Z,0,1,6,4,43.88
SUB-00568,2026-03-26T05:00:00Z,4,1,6,4,43.88
SUB-00569,2026-01-21T18:00:00Z,0,3,6,33,39.36
SUB-00569,2026-03-04T18:00:00Z,0,3,6,33,39.36
SUB-00569,2026-03-28T18:00:00Z,3,3,6,33,39.36
SUB-00570,2026-01-29T14:00:00Z,0,6,6,65,25.67
SUB-00570,2026-03-12T14:00:00Z,0,6,6,65,25.67
SUB-00570,2026-03-19T14:00:00Z,3,6,6,65,25.67
SUB-00571,2026-01-19T11:00:00Z,0,5,6,68,75.22
SUB-00571,2026-03-02T11:00:00Z,0,5,6,68,75.22
SUB-00571,2026-03-14T11:00:00Z,7,5,6,68,75.22
SUB-00572,2026-01-21T13:00:00Z,0,3,6,11,65.27
SUB-00572,2026-03-04T13:00:00Z,1,3,6,11,65.27
SUB-00572,2026-03-22T13:00:00Z,4,3,6,11,65.27
SUB-00573,2026-01-25T09:00:00Z,0,4,6,71,35.88
SUB-00573,2026-03-08T09:00:00Z,0,4,6,71,35.88
SUB-00574,2026-01-16T10:00:00Z,0,2,6,28,59.77
SUB-00574,2026-02-27T10:00:00Z,1,2,6,28,59.77
SUB-00575,2026-01-25T20:00:00Z,0,2,6,42,61.28
SUB-00575,2026-03-08T20:00:00Z,1,2,6,42,61.28
SUB-00576,2026-01-26T23:00:00Z,2,1,6,50,23.60
SUB-00576,2026-03-09T23:00:00Z,3,1,6,50,23.60
SUB-00577,2026-01-18T16:00:00Z,0,4,6,26,56.23
SUB-00577,2026-03-01T16:00:00Z,0,4,6,26,56.23
SUB-00577,2026-03-08T16:00:00Z,5,4,6,26,56.23
SUB-00578,2026-01-30T05:00:00Z,0,2,6,70,61.77
SUB-00578,2026-03-13T05:00:00Z,0,2,6,70,61.77
SUB-00579,2026-01-25T17:00:00Z,0,1,6,6,92.10
SUB-00579,2026-03-08T17:00:00Z,0,1,6,6,92.10
SUB-00579,2026-03-30T17:00:00Z,3,1,6,6,92.10
SUB-00580,2026-01-28T19:00:00Z,0,3,6,57,77.77
SUB-00580,2026-03-11T19:00:00Z,0,3,6,57,77.77
SUB-00581,2026-01-29T15:00:00Z,0,3,6,18,77.74
SUB-00581,2026-03-12T15:00:00Z,0,3,6,18,77.74
SUB-00581,2026-03-17T15:00:00Z,3,3,6,18,77.74
SUB-00582,2026-01-16T12:00:00Z,0,2,6,12,75.02
SUB-00582,2026-02-27T12:00:00Z,1,2,6,12,75.02
SUB-00582,2026-03-08T12:00:00Z,6,2,6,12,75.02
SUB-00583,2026-01-18T02:00:00Z,2,2,6,56,90.09
SUB-00583,2026-03-01T02:00:00Z,3,2,6,56,90.09
SUB-00584,2026-01-27T11:00:00Z,0,5,6,52,50.86
SUB-00584,2026-03-10T11:00:00Z,1,5,6,52,50.86
SUB-00584,2026-04-04T11:00:00Z,6,5,6,52,50.86
SUB-00585,2026-01-23T05:00:00Z,0,4,6,14,56.62
SUB-00585,2026-03-06T05:00:00Z,0,4,6,14,56.62
SUB-00585,2026-03-16T05:00:00Z,6,4,6,14,56.62
SUB-00586,2026-01-23T11:00:00Z,0,5,6,42,61.50
SUB-00586,2026-03-06T11:00:00Z,1,5,6,42,61.50
SUB-00586,2026-03-30T11:00:00Z,5,5,6,42,61.50
SUB-00587,2026-01-29T10:00:00Z,0,3,6,13,55.39
SUB-00587,2026-03-12T10:00:00Z,1,3,6,13,55.39
SUB-00587,2026-04-10T10:00:00Z,4,3,6,13,55.39
SUB-00588,2026-01-27T13:00:00Z,0,5,6,2,89.54
SUB-00588,2026-03-10T13:00:00Z,0,5,6,2,89.54
SUB-00588,2026-04-02T13:00:00Z,4,5,6,2,89.54
SUB-00589,2026-01-18T18:00:00Z,0,0,6,31,70.63
SUB-00589,2026-03-01T18:00:00Z,0,0,6,31,70.63
SUB-00590,2026-01-28T22:00:00Z,0,2,6,65,43.19
SUB-00590,2026-03-11T22:00:00Z,1,2,6,65,43.19
SUB-00591,2026-01-24T18:00:00Z,1,3,6,21,71.70
SUB-00591,2026-03-07T18:00:00Z,2,3,6,21,71.70
SUB-00591,2026-03-25T18:00:00Z,6,3,6,21,71.70
SUB-00592,2026-01-22T21:00:00Z,0,3,6,21,45.98
SUB-00592,2026-03-05T21:00:00Z,1,3,6,21,45.98
SUB-00592,2026-04-02T21:00:00Z,3,3,6,21,45.98
SUB-00593,2026-01-17T04:00:00Z,0,2,6,70,49.22
SUB-00593,2026-02-28T04:00:00Z,1,2,6,70,49.22
SUB-00594,2026-01-21T00:00:00Z,0,4,6,44,78.17
SUB-00594,2026-03-04T00:00:00Z,1,4,6,44,78.17
SUB-00594,2026-03-18T00:00:00Z,5,4,6,44,78.17
SUB-00595,2026-01-26T12:00:00Z,0,2,6,23,68.38
SUB-00595,2026-03-09T12:00:00Z,1,2,6,23,68.38
SUB-00595,2026-03-15T12:00:00Z,5,2,6,23,68.38
SUB-00596,2026-01-29T17:00:00Z,0,2,6,29,89.57
SUB-00596,2026-03-12T17:00:00Z,0,2,6,29,89.57
SUB-00596,2026-03-29T17:00:00Z,3,2,6,29,89.57
SUB-00597,2026-01-21T08:00:00Z,0,1,6,24,59.00
SUB-00597,2026-03-04T08:00:00Z,1,1,6,24,59.00
SUB-00598,2026-01-28T00:00:00Z,0,2,6,35,40.33
SUB-00598,2026-03-11T00:00:00Z,0,2,6,35,40.33
SUB-00599,2026-01-20T15:00:00Z,0,6,6,7,44.45
SUB-00599,2026-03-03T15:00:00Z,0,6,6,7,44.45
SUB-00599,2026-03-24T15:00:00Z,5,6,6,7,44.45
SUB-00600,2026-01-20T22:00:00Z,0,3,6,68,54.19
SUB-00600,2026-03-03T22:00:00Z,1,3,6,68,54.19
SUB-00600,2026-03-21T22:00:00Z,5,3,6,68,54.19
SUB-00601,2026-01-21T10:00:00Z,0,0,6,30,53.69
SUB-00601,2026-03-04T10:00:00Z,0,0,6,30,53.69
SUB-00601,2026-03-30T10:00:00Z,1,0,6,30,53.69
SUB-00602,2026-01-28T19:00:00Z,0,1,6,40,40.95
SUB-00602,2026-03-11T19:00:00Z,0,1,6,40,40.95
SUB-00602,2026-03-17T19:00:00Z,1,1,6,40,40.95
SUB-00603,2026-01-29T18:00:00Z,0,4,6,26,65.34
SUB-00603,2026-03-12T18:00:00Z,0,4,6,26,65.34
SUB-00603,2026-04-03T18:00:00Z,5,4,6,26,65.34
SUB-00604,2026-01-17T10:00:00Z,0,4,6,35,72.15
SUB-00604,2026-02-28T10:00:00Z,0,4,6,35,72.15
SUB-00604,2026-03-15T10:00:00Z,5,4,6,35,72.15
SUB-00605,2026-01-21T03:00:00Z,0,2,6,25,65.93
SUB-00605,2026-03-04T03:00:00Z,0,2,6,25,65.93
SUB-00605,2026-03-25T03:00:00Z,3,2,6,25,65.93
SUB-00606,2026-01-16T17:00:00Z,0,2,6,4,48.09
SUB-00606,2026-02-27T17:00:00Z,1,2,6,4,48.09
SUB-00606,2026-03-13T17:00:00Z,3,2,6,4,48.09
SUB-00607,2026-01-20T17:00:00Z,0,2,6,47,32.44
SUB-00607,2026-03-03T17:00:00Z,1,2,6,47,32.44
SUB-00607,2026-04-01T17:00:00Z,6,2,6,47,32.44
SUB-00608,2026-01-27T03:00:00Z,0,3,6,50,56.77
SUB-00608,2026-03-10T03:00:00Z,0,3,6,50,56.77
SUB-00609,2026-01-19T10:00:00Z,0,2,6,63,65.75
SUB-00609,2026-03-02T10:00:00Z,0,2,6,63,65.75
SUB-00610,2026-01-24T04:00:00Z,0,3,6,26,39.17
SUB-00610,2026-03-07T04:00:00Z,0,3,6,26,39.17
SUB-00610,2026-03-20T04:00:00Z,4,3,6,26,39.17
SUB-00611,2026-01-28T07:00:00Z,0,4,6,8,48.10
SUB-00611,2026-03-11T07:00:00Z,0,4,6,8,48.10
SUB-00611,2026-03-27T07:00:00Z,7,4,6,8,48.10
SUB-00612,2026-01-18T09:00:00Z,1,3,6,38,68.09
SUB-00612,2026-03-01T09:00:00Z,2,3,6,38,68.09
SUB-00612,2026-03-25T09:00:00Z,8,3,6,38,68.09
SUB-00613,2026-01-27T18:00:00Z,0,2,6,41,53.67
SUB-00613,2026-03-10T18:00:00Z,0,2,6,41,53.67
SUB-00614,2026-01-29T13:00:00Z,0,3,6,10,50.67
SUB-00614,2026-03-12T13:00:00Z,0,3,6,10,50.67
SUB-00614,2026-03-31T13:00:00Z,2,3,6,10,50.67
SUB-00615,2026-01-27T10:00:00Z,0,2,6,22,70.42
SUB-00615,2026-03-10T10:00:00Z,0,2,6,22,70.42
SUB-00615,2026-03-19T10:00:00Z,3,2,6,22,70.42
SUB-00616,2026-01-17T22:00:00Z,0,2,6,62,55.02
SUB-00616,2026-02-28T22:00:00Z,0,2,6,62,55.02
SUB-00617,2026-01-28T14:00:00Z,0,2,6,13,20.32
SUB-00617,2026-03-11T14:00:00Z,1,2,6,13,20.32
SUB-00617,2026-04-08T14:00:00Z,6,2,6,13,20.32
SUB-00618,2026-01-25T20:00:00Z,0,2,6,16,37.81
SUB-00618,2026-03-08T20:00:00Z,0,2,6,16,37.81
SUB-00618,2026-04-03T20:00:00Z,7,2,6,16,37.81
SUB-00619,2026-01-19T17:00:00Z,0,3,6,40,54.79
SUB-00619,2026-03-02T17:00:00Z,0,3,6,40,54.79
SUB-00619,2026-03-25T17:00:00Z,1,3,6,40,54.79
SUB-00620,2026-01-24T08:00:00Z,0,4,6,15,23.67
SUB-00620,2026-03-07T08:00:00Z,0,4,6,15,23.67
SUB-00620,2026-04-03T08:00:00Z,3,4,6,15,23.67
SUB-00621,2026-01-29T05:00:00Z,0,2,6,61,58.99
SUB-00621,2026-03-12T05:00:00Z,1,2,6,61,58.99
SUB-00622,2026-01-21T04:00:00Z,0,2,6,36,69.81
SUB-00622,2026-03-04T04:00:00Z,0,2,6,36,69.81
SUB-00623,2026-01-27T04:00:00Z,0,3,6,20,65.65
SUB-00623,2026-03-10T04:00:00Z,0,3,6,20,65.65
SUB-00623,2026-03-31T04:00:00Z,4,3,6,20,65.65
SUB-00624,2026-01-19T08:00:00Z,0,3,6,55,46.21
SUB-00624,2026-03-02T08:00:00Z,0,3,6,55,46.21
SUB-00625,2026-01-28T00:00:00Z,0,1,6,30,34.05
SUB-00625,2026-03-11T00:00:00Z,0,1,6,30,34.05
SUB-00625,2026-04-05T00:00:00Z,4,1,6,30,34.05
SUB-00626,2026-01-20T23:00:00Z,0,2,6,40,56.52
SUB-00626,2026-03-03T23:00:00Z,0,2,6,40,56.52
SUB-00627,2026-01-22T02:00:00Z,0,2,6,6,46.85
SUB-00627,2026-03-05T02:00:00Z,0,2,6,6,46.85
SUB-00627,2026-03-24T02:00:00Z,6,2,6,6,46.85
SUB-00628,2026-01-19T01:00:00Z,0,3,6,5,51.80
SUB-00628,2026-03-02T01:00:00Z,0,3,6,5,51.80
SUB-00628,2026-03-08T01:00:00Z,4,3,6,5,51.80
SUB-00629,2026-01-30T05:00:00Z,1,3,6,27,19.30
SUB-00629,2026-03-13T05:00:00Z,2,3,6,27,19.30
SUB-00629,2026-03-25T05:00:00Z,5,3,6,27,19.30
SUB-00630,2026-01-28T08:00:00Z,0,3,6,3,124.69
SUB-00630,2026-03-11T08:00:00Z,1,3,6,3,124.69
SUB-00630,2026-03-24T08:00:00Z,5,3,6,3,124.69
SUB-00631,2026-01-19T12:00:00Z,1,1,6,44,56.78
SUB-00631,2026-03-02T12:00:00Z,2,1,6,44,56.78
SUB-00632,2026-01-24T17:00:00Z,0,3,6,12,100.28
SUB-00632,2026-03-07T17:00:00Z,0,3,6,12,100.28
SUB-00632,2026-03-12T17:00:00Z,3,3,6,12,100.28
SUB-00633,2026-01-29T17:00:00Z,0,3,6,56,27.47
SUB-00633,2026-03-12T17:00:00Z,1,3,6,56,27.47
SUB-00634,2026-01-17T11:00:00Z,0,1,6,26,45.01
SUB-00634,2026-02-28T11:00:00Z,0,1,6,26,45.01
SUB-00635,2026-01-29T10:00:00Z,0,4,6,49,57.47
SUB-00635,2026-03-12T10:00:00Z,0,4,6,49,57.47
SUB-00635,2026-04-02T10:00:00Z,2,4,6,49,57.47
SUB-00636,2026-01-19T17:00:00Z,0,2,6,44,53.19
SUB-00636,2026-03-02T17:00:00Z,1,2,6,44,53.19
SUB-00637,2026-01-27T04:00:00Z,0,4,6,65,38.43
SUB-00637,2026-03-10T04:00:00Z,1,4,6,65,38.43
SUB-00637,2026-03-23T04:00:00Z,3,4,6,65,38.43
SUB-00638,2026-01-19T13:00:00Z,0,4,6,30,9.98
SUB-00638,2026-03-02T13:00:00Z,0,4,6,30,9.98
SUB-00638,2026-03-09T13:00:00Z,4,4,6,30,9.98
SUB-00639,2026-01-23T04:00:00Z,0,1,6,12,62.26
SUB-00639,2026-03-06T04:00:00Z,1,1,6,12,62.26
SUB-00639,2026-03-27T04:00:00Z,8,1,6,12,62.26
SUB-00640,2026-01-20T13:00:00Z,0,1,6,54,88.27
SUB-00640,2026-03-03T13:00:00Z,0,1,6,54,88.27
SUB-00641,2026-01-16T17:00:00Z,0,3,6,18,55.65
SUB-00641,2026-02-27T17:00:00Z,1,3,6,18,55.65
SUB-00641,2026-03-26T17:00:00Z,3,3,6,18,55.65
SUB-00642,2026-01-19T21:00:00Z,0,1,6,29,24.58
SUB-00642,2026-03-02T21:00:00Z,0,1,6,29,24.58
SUB-00642,2026-03-30T21:00:00Z,3,1,6,29,24.58
SUB-00643,2026-01-29T03:00:00Z,0,0,6,7,60.29
SUB-00643,2026-03-12T03:00:00Z,0,0,6,7,60.29
SUB-00644,2026-01-23T16:00:00Z,0,2,6,38,55.26
SUB-00644,2026-03-06T16:00:00Z,1,2,6,38,55.26
SUB-00645,2026-01-25T05:00:00Z,0,4,6,14,77.91
SUB-00645,2026-03-08T05:00:00Z,1,4,6,14,77.91
SUB-00645,2026-03-20T05:00:00Z,7,4,6,14,77.91
SUB-00646,2026-01-30T04:00:00Z,0,1,6,56,68.58
SUB-00646,2026-03-13T04:00:00Z,1,1,6,56,68.58
SUB-00647,2026-01-27T14:00:00Z,0,0,6,47,60.54
SUB-00647,2026-03-10T14:00:00Z,1,0,6,47,60.54
SUB-00647,2026-03-21T14:00:00Z,2,0,6,47,60.54
SUB-00648,2026-01-25T12:00:00Z,0,0,6,4,49.88
SUB-00648,2026-03-08T12:00:00Z,0,0,6,4,49.88
SUB-00649,2026-01-27T04:00:00Z,0,4,6,5,104.80
SUB-00649,2026-03-10T04:00:00Z,0,4,6,5,104.80
SUB-00649,2026-04-05T04:00:00Z,4,4,6,5,104.80
SUB-00650,2026-01-18T15:00:00Z,0,5,6,22,77.43
SUB-00650,2026-03-01T15:00:00Z,0,5,6,22,77.43
SUB-00650,2026-03-30T15:00:00Z,3,5,6,22,77.43
SUB-00651,2026-01-17T11:00:00Z,0,4,6,63,61.39
SUB-00651,2026-02-28T11:00:00Z,0,4,6,63,61.39
SUB-00652,2026-01-21T09:00:00Z,0,2,6,8,66.69
SUB-00652,2026-03-04T09:00:00Z,0,2,6,8,66.69
SUB-00652,2026-03-12T09:00:00Z,7,2,6,8,66.69
SUB-00653,2026-01-25T06:00:00Z,1,3,6,53,38.42
SUB-00653,2026-03-08T06:00:00Z,2,3,6,53,38.42
SUB-00654,2026-01-20T01:00:00Z,0,3,6,31,60.81
SUB-00654,2026-03-03T01:00:00Z,1,3,6,31,60.81
SUB-00654,2026-03-17T01:00:00Z,5,3,6,31,60.81
SUB-00655,2026-01-23T10:00:00Z,0,5,6,21,86.81
SUB-00655,2026-03-06T10:00:00Z,1,5,6,21,86.81
SUB-00655,2026-03-31T10:00:00Z,2,5,6,21,86.81
SUB-00656,2026-01-27T06:00:00Z,0,4,6,28,51.59
SUB-00656,2026-03-10T06:00:00Z,0,4,6,28,51.59
SUB-00656,2026-03-22T06:00:00Z,7,4,6,28,51.59
SUB-00657,2026-01-17T17:00:00Z,0,3,6,45,62.77
SUB-00657,2026-02-28T17:00:00Z,0,3,6,45,62.77
SUB-00657,2026-03-21T17:00:00Z,3,3,6,45,62.77
SUB-00658,2026-01-27T01:00:00Z,1,6,6,44,43.20
SUB-00658,2026-03-10T01:00:00Z,2,6,6,44,43.20
SUB-00658,2026-03-31T01:00:00Z,3,6,6,44,43.20
SUB-00659,2026-01-26T05:00:00Z,0,4,6,55,33.28
SUB-00659,2026-03-09T05:00:00Z,1,4,6,55,33.28
SUB-00659,2026-03-18T05:00:00Z,5,4,6,55,33.28
SUB-00660,2026-01-23T05:00:00Z,0,2,6,59,35.44
SUB-00660,2026-03-06T05:00:00Z,0,2,6,59,35.44
SUB-00661,2026-01-28T11:00:00Z,0,3,6,54,36.45
SUB-00661,2026-03-11T11:00:00Z,0,3,6,54,36.45
SUB-00661,2026-03-19T11:00:00Z,1,3,6,54,36.45
SUB-00662,2026-01-25T22:00:00Z,0,2,6,30,47.92
SUB-00662,2026-03-08T22:00:00Z,0,2,6,30,47.92
SUB-00663,2026-01-27T07:00:00Z,0,2,6,62,39.86
SUB-00663,2026-03-10T07:00:00Z,0,2,6,62,39.86
SUB-00664,2026-01-22T06:00:00Z,0,3,6,21,53.35
SUB-00664,2026-03-05T06:00:00Z,1,3,6,21,53.35
SUB-00664,2026-04-03T06:00:00Z,2,3,6,21,53.35
SUB-00665,2026-01-22T05:00:00Z,0,4,6,38,47.14
SUB-00665,2026-03-05T05:00:00Z,0,4,6,38,47.14
SUB-00665,2026-03-15T05:00:00Z,7,4,6,38,47.14
SUB-00666,2026-01-27T16:00:00Z,0,1,6,63,48.62
SUB-00666,2026-03-10T16:00:00Z,1,1,6,63,48.62
SUB-00667,2026-01-29T14:00:00Z,0,1,6,56,93.31
SUB-00667,2026-03-12T14:00:00Z,0,1,6,56,93.31
SUB-00668,2026-01-18T03:00:00Z,0,1,6,51,57.66
SUB-00668,2026-03-01T03:00:00Z,0,1,6,51,57.66
SUB-00669,2026-01-29T13:00:00Z,1,2,6,5,73.28
SUB-00669,2026-03-12T13:00:00Z,2,2,6,5,73.28
SUB-00669,2026-03-25T13:00:00Z,5,2,6,5,73.28
SUB-00670,2026-01-26T05:00:00Z,0,2,6,36,69.98
SUB-00670,2026-03-09T05:00:00Z,0,2,6,36,69.98
SUB-00670,2026-03-29T05:00:00Z,2,2,6,36,69.98
SUB-00671,2026-01-20T12:00:00Z,0,1,6,34,64.33
SUB-00671,2026-03-03T12:00:00Z,0,1,6,34,64.33
SUB-00672,2026-01-20T00:00:00Z,0,1,6,42,59.73
SUB-00672,2026-03-03T00:00:00Z,1,1,6,42,59.73
SUB-00673,2026-01-26T20:00:00Z,0,5,6,48,79.80
SUB-00673,2026-03-09T20:00:00Z,0,5,6,48,79.80
SUB-00673,2026-04-01T20:00:00Z,4,5,6,48,79.80
SUB-00674,2026-01-27T14:00:00Z,0,2,6,54,71.78
SUB-00674,2026-03-10T14:00:00Z,0,2,6,54,71.78
SUB-00675,2026-01-28T02:00:00Z,0,2,6,17,45.34
SUB-00675,2026-03-11T02:00:00Z,0,2,6,17,45.34
SUB-00675,2026-04-02T02:00:00Z,3,2,6,17,45.34
SUB-00676,2026-01-27T18:00:00Z,0,1,6,15,93.71
SUB-00676,2026-03-10T18:00:00Z,1,1,6,15,93.71
SUB-00677,2026-01-24T05:00:00Z,0,1,6,34,46.85
SUB-00677,2026-03-07T05:00:00Z,0,1,6,34,46.85
SUB-00677,2026-03-31T05:00:00Z,2,1,6,34,46.85
SUB-00678,2026-01-27T17:00:00Z,1,3,6,41,85.44
SUB-00678,2026-03-10T17:00:00Z,2,3,6,41,85.44
SUB-00678,2026-03-19T17:00:00Z,6,3,6,41,85.44
SUB-00679,2026-01-21T07:00:00Z,0,0,6,24,53.80
SUB-00679,2026-03-04T07:00:00Z,1,0,6,24,53.80
SUB-00680,2026-01-22T11:00:00Z,0,0,6,62,58.47
SUB-00680,2026-03-05T11:00:00Z,1,0,6,62,58.47
SUB-00681,2026-01-25T21:00:00Z,0,2,6,57,75.33
SUB-00681,2026-03-08T21:00:00Z,0,2,6,57,75.33
SUB-00682,2026-01-23T11:00:00Z,0,0,6,19,72.60
SUB-00682,2026-03-06T11:00:00Z,0,0,6,19,72.60
SUB-00683,2026-01-19T04:00:00Z,0,0,6,2,57.65
SUB-00683,2026-03-02T04:00:00Z,0,0,6,2,57.65
SUB-00684,2026-01-19T09:00:00Z,0,3,6,2,43.59
SUB-00684,2026-03-02T09:00:00Z,0,3,6,2,43.59
SUB-00684,2026-03-29T09:00:00Z,6,3,6,2,43.59
SUB-00685,2026-01-25T07:00:00Z,0,0,6,20,42.61
SUB-00685,2026-03-08T07:00:00Z,0,0,6,20,42.61
SUB-00686,2026-01-27T11:00:00Z,0,3,6,52,52.10
SUB-00686,2026-03-10T11:00:00Z,0,3,6,52,52.10
SUB-00686,2026-03-16T11:00:00Z,6,3,6,52,52.10
SUB-00687,2026-01-17T21:00:00Z,0,3,6,46,42.89
SUB-00687,2026-02-28T21:00:00Z,1,3,6,46,42.89
SUB-00687,2026-03-21T21:00:00Z,5,3,6,46,42.89
SUB-00688,2026-01-24T18:00:00Z,1,5,6,38,63.17
SUB-00688,2026-03-07T18:00:00Z,2,5,6,38,63.17
SUB-00688,2026-03-19T18:00:00Z,6,5,6,38,63.17
SUB-00689,2026-01-17T12:00:00Z,0,2,6,66,71.76
SUB-00689,2026-02-28T12:00:00Z,1,2,6,66,71.76
SUB-00690,2026-01-19T02:00:00Z,0,6,6,23,54.29
SUB-00690,2026-03-02T02:00:00Z,1,6,6,23,54.29
SUB-00690,2026-03-26T02:00:00Z,6,6,6,23,54.29
SUB-00691,2026-01-19T17:00:00Z,0,2,6,33,38.67
SUB-00691,2026-03-02T17:00:00Z,0,2,6,33,38.67
SUB-00691,2026-03-07T17:00:00Z,3,2,6,33,38.67
SUB-00692,2026-01-27T20:00:00Z,0,7,6,50,57.96
SUB-00692,2026-03-10T20:00:00Z,1,7,6,50,57.96
SUB-00692,2026-03-25T20:00:00Z,4,7,6,50,57.96
SUB-00693,2026-01-17T11:00:00Z,0,3,6,5,38.93
SUB-00693,2026-02-28T11:00:00Z,0,3,6,5,38.93
SUB-00693,2026-03-13T11:00:00Z,4,3,6,5,38.93
SUB-00694,2026-01-27T18:00:00Z,0,5,6,20,108.59
SUB-00694,2026-03-10T18:00:00Z,1,5,6,20,108.59
SUB-00694,2026-03-20T18:00:00Z,3,5,6,20,108.59
SUB-00695,2026-01-24T00:00:00Z,0,2,6,22,48.08
SUB-00695,2026-03-07T00:00:00Z,0,2,6,22,48.08
SUB-00695,2026-03-27T00:00:00Z,3,2,6,22,48.08
SUB-00696,2026-01-28T17:00:00Z,1,2,6,11,67.09
SUB-00696,2026-03-11T17:00:00Z,2,2,6,11,67.09
SUB-00696,2026-03-28T17:00:00Z,6,2,6,11,67.09
SUB-00697,2026-01-19T18:00:00Z,0,2,6,55,55.33
SUB-00697,2026-03-02T18:00:00Z,1,2,6,55,55.33
SUB-00698,2026-01-25T07:00:00Z,0,3,6,70,44.12
SUB-00698,2026-03-08T07:00:00Z,0,3,6,70,44.12
SUB-00699,2026-01-25T12:00:00Z,0,1,6,50,63.97
SUB-00699,2026-03-08T12:00:00Z,0,1,6,50,63.97
SUB-00700,2026-01-24T22:00:00Z,0,4,6,34,74.05
SUB-00700,2026-03-07T22:00:00Z,1,4,6,34,74.05
SUB-00700,2026-04-01T22:00:00Z,5,4,6,34,74.05
SUB-00701,2026-01-24T07:00:00Z,0,4,6,71,44.66
SUB-00701,2026-03-07T07:00:00Z,1,4,6,71,44.66
SUB-00701,2026-03-31T07:00:00Z,7,4,6,71,44.66
SUB-00702,2026-01-20T17:00:00Z,0,0,6,8,35.98
SUB-00702,2026-03-03T17:00:00Z,0,0,6,8,35.98
SUB-00702,2026-03-20T17:00:00Z,5,0,6,8,35.98
SUB-00703,2026-01-16T17:00:00Z,0,1,6,30,42.18
SUB-00703,2026-02-27T17:00:00Z,0,1,6,30,42.18
SUB-00704,2026-01-26T01:00:00Z,0,3,6,37,54.54
SUB-00704,2026-03-09T01:00:00Z,1,3,6,37,54.54
SUB-00704,2026-03-24T01:00:00Z,4,3,6,37,54.54
SUB-00705,2026-01-22T04:00:00Z,0,3,6,4,67.46
SUB-00705,2026-03-05T04:00:00Z,0,3,6,4,67.46
SUB-00705,2026-03-14T04:00:00Z,2,3,6,4,67.46
SUB-00706,2026-01-17T06:00:00Z,0,1,6,64,30.38
SUB-00706,2026-02-28T06:00:00Z,1,1,6,64,30.38
SUB-00707,2026-01-20T17:00:00Z,0,0,6,2,72.68
SUB-00707,2026-03-03T17:00:00Z,0,0,6,2,72.68
SUB-00708,2026-01-21T02:00:00Z,0,2,6,41,17.75
SUB-00708,2026-03-04T02:00:00Z,0,2,6,41,17.75
SUB-00709,2026-01-20T14:00:00Z,0,3,6,4,31.85
SUB-00709,2026-03-03T14:00:00Z,1,3,6,4,31.85
SUB-00709,2026-03-26T14:00:00Z,6,3,6,4,31.85
SUB-00710,2026-01-25T19:00:00Z,0,4,6,69,22.18
SUB-00710,2026-03-08T19:00:00Z,1,4,6,69,22.18
SUB-00710,2026-03-19T19:00:00Z,5,4,6,69,22.18
SUB-00711,2026-01-23T04:00:00Z,0,2,6,17,62.18
SUB-00711,2026-03-06T04:00:00Z,0,2,6,17,62.18
SUB-00711,2026-04-01T04:00:00Z,3,2,6,17,62.18
SUB-00712,2026-01-18T16:00:00Z,0,0,6,71,39.57
SUB-00712,2026-03-01T16:00:00Z,0,0,6,71,39.57
SUB-00713,2026-01-22T21:00:00Z,0,4,6,6,20.80
SUB-00713,2026-03-05T21:00:00Z,0,4,6,6,20.80
SUB-00713,2026-03-21T21:00:00Z,4,4,6,6,20.80
SUB-00714,2026-01-18T02:00:00Z,1,1,6,20,67.95
SUB-00714,2026-03-01T02:00:00Z,2,1,6,20,67.95
SUB-00715,2026-01-21T12:00:00Z,0,3,6,27,19.63
SUB-00715,2026-03-04T12:00:00Z,1,3,6,27,19.63
SUB-00715,2026-03-10T12:00:00Z,4,3,6,27,19.63
SUB-00716,2026-01-27T22:00:00Z,0,2,6,48,40.27
SUB-00716,2026-03-10T22:00:00Z,1,2,6,48,40.27
SUB-00717,2026-01-18T01:00:00Z,0,2,6,13,32.85
SUB-00717,2026-03-01T01:00:00Z,0,2,6,13,32.85
SUB-00717,2026-03-06T01:00:00Z,6,2,6,13,32.85
SUB-00718,2026-01-22T10:00:00Z,0,2,6,65,55.21
SUB-00718,2026-03-05T10:00:00Z,1,2,6,65,55.21
SUB-00719,2026-01-17T03:00:00Z,0,5,6,59,74.39
SUB-00719,2026-02-28T03:00:00Z,1,5,6,59,74.39
SUB-00719,2026-03-27T03:00:00Z,6,5,6,59,74.39
SUB-00720,2026-01-19T15:00:00Z,0,6,6,13,64.19
SUB-00720,2026-03-02T15:00:00Z,0,6,6,13,64.19
SUB-00720,2026-03-09T15:00:00Z,3,6,6,13,64.19
SUB-00721,2026-01-21T09:00:00Z,0,4,6,17,62.49
SUB-00721,2026-03-04T09:00:00Z,0,4,6,17,62.49
SUB-00721,2026-03-25T09:00:00Z,4,4,6,17,62.49
SUB-00722,2026-01-20T07:00:00Z,1,2,6,1,36.40
SUB-00722,2026-03-03T07:00:00Z,2,2,6,1,36.40
SUB-00722,2026-03-26T07:00:00Z,3,2,6,1,36.40
SUB-00723,2026-01-22T11:00:00Z,0,1,6,40,34.78
SUB-00723,2026-03-05T11:00:00Z,0,1,6,40,34.78
SUB-00723,2026-03-30T11:00:00Z,1,1,6,40,34.78
SUB-00724,2026-01-29T04:00:00Z,0,5,6,71,26.47
SUB-00724,2026-03-12T04:00:00Z,1,5,6,71,26.47
SUB-00724,2026-03-27T04:00:00Z,5,5,6,71,26.47
SUB-00725,2026-01-22T01:00:00Z,0,3,6,52,28.91
SUB-00725,2026-03-05T01:00:00Z,1,3,6,52,28.91
SUB-00725,2026-03-23T01:00:00Z,6,3,6,52,28.91
SUB-00726,2026-01-17T21:00:00Z,0,3,6,13,48.63
SUB-00726,2026-02-28T21:00:00Z,1,3,6,13,48.63
SUB-00726,2026-03-07T21:00:00Z,4,3,6,13,48.63
SUB-00727,2026-01-28T16:00:00Z,0,5,6,40,32.90
SUB-00727,2026-03-11T16:00:00Z,0,5,6,40,32.90
SUB-00727,2026-03-26T16:00:00Z,6,5,6,40,32.90
SUB-00728,2026-01-26T09:00:00Z,0,4,6,61,79.84
SUB-00728,2026-03-09T09:00:00Z,0,4,6,61,79.84
SUB-00729,2026-01-16T17:00:00Z,0,4,6,16,51.91
SUB-00729,2026-02-27T17:00:00Z,0,4,6,16,51.91
SUB-00729,2026-03-13T17:00:00Z,6,4,6,16,51.91
SUB-00730,2026-01-17T17:00:00Z,0,3,6,36,55.22
SUB-00730,2026-02-28T17:00:00Z,1,3,6,36,55.22
SUB-00730,2026-03-13T17:00:00Z,5,3,6,36,55.22
SUB-00731,2026-01-23T08:00:00Z,0,4,6,54,112.86
SUB-00731,2026-03-06T08:00:00Z,0,4,6,54,112.86
SUB-00731,2026-03-22T08:00:00Z,6,4,6,54,112.86
SUB-00732,2026-01-18T12:00:00Z,0,2,6,18,38.83
SUB-00732,2026-03-01T12:00:00Z,0,2,6,18,38.83
SUB-00732,2026-03-13T12:00:00Z,2,2,6,18,38.83
SUB-00733,2026-01-27T22:00:00Z,0,0,6,68,90.03
SUB-00733,2026-03-10T22:00:00Z,0,0,6,68,90.03
SUB-00734,2026-01-27T11:00:00Z,0,3,6,44,68.65
SUB-00734,2026-03-10T11:00:00Z,1,3,6,44,68.65
SUB-00735,2026-01-17T11:00:00Z,0,6,6,40,51.51
SUB-00735,2026-02-28T11:00:00Z,0,6,6,40,51.51
SUB-00735,2026-03-26T11:00:00Z,3,6,6,40,51.51
SUB-00736,2026-01-22T05:00:00Z,0,0,6,70,70.33
SUB-00736,2026-03-05T05:00:00Z,1,0,6,70,70.33
SUB-00737,2026-01-25T00:00:00Z,0,1,6,49,53.34
SUB-00737,2026-03-08T00:00:00Z,0,1,6,49,53.34
SUB-00738,2026-01-29T15:00:00Z,0,6,6,7,33.41
SUB-00738,2026-03-12T15:00:00Z,0,6,6,7,33.41
SUB-00738,2026-04-05T15:00:00Z,6,6,6,7,33.41
SUB-00739,2026-01-26T10:00:00Z,0,2,6,18,60.70
SUB-00739,2026-03-09T10:00:00Z,1,2,6,18,60.70
SUB-00739,2026-03-16T10:00:00Z,4,2,6,18,60.70
SUB-00740,2026-01-17T06:00:00Z,0,0,6,10,105.18
SUB-00740,2026-02-28T06:00:00Z,1,0,6,10,105.18
SUB-00741,2026-01-20T01:00:00Z,0,2,6,47,52.54
SUB-00741,2026-03-03T01:00:00Z,1,2,6,47,52.54
SUB-00742,2026-01-18T12:00:00Z,0,4,6,47,85.93
SUB-00742,2026-03-01T12:00:00Z,0,4,6,47,85.93
SUB-00743,2026-01-29T05:00:00Z,0,0,6,22,46.41
SUB-00743,2026-03-12T05:00:00Z,0,0,6,22,46.41
SUB-00744,2026-01-29T12:00:00Z,0,8,6,9,69.19
SUB-00744,2026-03-12T12:00:00Z,0,8,6,9,69.19
SUB-00744,2026-04-10T12:00:00Z,2,8,6,9,69.19
SUB-00745,2026-01-28T06:00:00Z,0,4,6,58,80.47
SUB-00745,2026-03-11T06:00:00Z,0,4,6,58,80.47
SUB-00745,2026-04-01T06:00:00Z,5,4,6,58,80.47
SUB-00746,2026-01-20T21:00:00Z,0,3,6,40,97.53
SUB-00746,2026-03-03T21:00:00Z,0,3,6,40,97.53
SUB-00747,2026-01-17T13:00:00Z,0,1,6,15,42.07
SUB-00747,2026-02-28T13:00:00Z,0,1,6,15,42.07
SUB-00747,2026-03-18T13:00:00Z,4,1,6,15,42.07
SUB-00748,2026-01-22T22:00:00Z,0,2,6,24,50.99
SUB-00748,2026-03-05T22:00:00Z,0,2,6,24,50.99
SUB-00748,2026-03-24T22:00:00Z,7,2,6,24,50.99
SUB-00749,2026-01-21T09:00:00Z,0,4,6,32,62.39
SUB-00749,2026-03-04T09:00:00Z,0,4,6,32,62.39
SUB-00749,2026-03-14T09:00:00Z,3,4,6,32,62.39
SUB-00750,2026-01-28T18:00:00Z,0,2,6,68,33.01
SUB-00750,2026-03-11T18:00:00Z,0,2,6,68,33.01
SUB-00751,2026-01-23T03:00:00Z,0,1,6,46,85.52
SUB-00751,2026-03-06T03:00:00Z,1,1,6,46,85.52
SUB-00752,2026-01-18T05:00:00Z,0,3,6,58,72.12
SUB-00752,2026-03-01T05:00:00Z,0,3,6,58,72.12
SUB-00753,2026-01-23T14:00:00Z,0,2,6,46,36.79
SUB-00753,2026-03-06T14:00:00Z,0,2,6,46,36.79
SUB-00754,2026-01-29T07:00:00Z,0,3,6,42,85.82
SUB-00754,2026-03-12T07:00:00Z,0,3,6,42,85.82
SUB-00755,2026-01-18T12:00:00Z,0,3,6,25,68.71
SUB-00755,2026-03-01T12:00:00Z,0,3,6,25,68.71
SUB-00755,2026-03-06T12:00:00Z,4,3,6,25,68.71
SUB-00756,2026-01-24T02:00:00Z,0,2,6,12,70.05
SUB-00756,2026-03-07T02:00:00Z,1,2,6,12,70.05
SUB-00757,2026-01-21T13:00:00Z,0,4,6,48,32.90
SUB-00757,2026-03-04T13:00:00Z,0,4,6,48,32.90
SUB-00757,2026-03-16T13:00:00Z,7,4,6,48,32.90
SUB-00758,2026-01-22T04:00:00Z,0,2,6,9,71.15
SUB-00758,2026-03-05T04:00:00Z,0,2,6,9,71.15
SUB-00758,2026-03-20T04:00:00Z,3,2,6,9,71.15
SUB-00759,2026-01-25T05:00:00Z,0,3,6,32,72.14
SUB-00759,2026-03-08T05:00:00Z,0,3,6,32,72.14
SUB-00759,2026-04-05T05:00:00Z,6,3,6,32,72.14
SUB-00760,2026-01-29T05:00:00Z,0,0,6,17,52.33
SUB-00760,2026-03-12T05:00:00Z,0,0,6,17,52.33
SUB-00761,2026-01-28T00:00:00Z,0,2,6,26,66.78
SUB-00761,2026-03-11T00:00:00Z,0,2,6,26,66.78
SUB-00762,2026-01-25T18:00:00Z,0,0,6,52,63.84
SUB-00762,2026-03-08T18:00:00Z,0,0,6,52,63.84
SUB-00763,2026-01-22T06:00:00Z,0,2,6,34,61.65
SUB-00763,2026-03-05T06:00:00Z,0,2,6,34,61.65
SUB-00763,2026-03-28T06:00:00Z,3,2,6,34,61.65
SUB-00764,2026-01-27T13:00:00Z,0,1,6,19,69.87
SUB-00764,2026-03-10T13:00:00Z,1,1,6,19,69.87
SUB-00764,2026-04-06T13:00:00Z,2,1,6,19,69.87
SUB-00765,2026-01-18T22:00:00Z,0,2,6,6,28.90
SUB-00765,2026-03-01T22:00:00Z,0,2,6,6,28.90
SUB-00765,2026-03-22T22:00:00Z,4,2,6,6,28.90
SUB-00766,2026-01-24T10:00:00Z,0,3,6,42,33.43
SUB-00766,2026-03-07T10:00:00Z,0,3,6,42,33.43
SUB-00766,2026-03-19T10:00:00Z,4,3,6,42,33.43
SUB-00767,2026-01-19T10:00:00Z,0,3,6,46,87.44
SUB-00767,2026-03-02T10:00:00Z,0,3,6,46,87.44
SUB-00768,2026-01-20T15:00:00Z,0,2,6,47,37.34
SUB-00768,2026-03-03T15:00:00Z,1,2,6,47,37.34
SUB-00769,2026-01-16T15:00:00Z,0,2,6,30,51.51
SUB-00769,2026-02-27T15:00:00Z,0,2,6,30,51.51
SUB-00769,2026-03-15T15:00:00Z,7,2,6,30,51.51
SUB-00770,2026-01-27T17:00:00Z,0,2,6,59,37.93
SUB-00770,2026-03-10T17:00:00Z,1,2,6,59,37.93
SUB-00771,2026-01-17T16:00:00Z,0,1,6,18,65.67
SUB-00771,2026-02-28T16:00:00Z,0,1,6,18,65.67
SUB-00772,2026-01-26T05:00:00Z,2,2,6,16,36.90
SUB-00772,2026-03-09T05:00:00Z,3,2,6,16,36.90
SUB-00772,2026-03-20T05:00:00Z,8,2,6,16,36.90
SUB-00773,2026-01-27T09:00:00Z,1,2,6,10,35.71
SUB-00773,2026-03-10T09:00:00Z,2,2,6,10,35.71
SUB-00773,2026-03-25T09:00:00Z,7,2,6,10,35.71
SUB-00774,2026-01-24T00:00:00Z,0,0,6,43,76.67
SUB-00774,2026-03-07T00:00:00Z,1,0,6,43,76.67
SUB-00775,2026-01-29T04:00:00Z,0,3,6,63,60.40
SUB-00775,2026-03-12T04:00:00Z,0,3,6,63,60.40
SUB-00775,2026-03-31T04:00:00Z,5,3,6,63,60.40
SUB-00776,2026-01-21T13:00:00Z,0,4,6,49,82.19
SUB-00776,2026-03-04T13:00:00Z,0,4,6,49,82.19
SUB-00776,2026-04-01T13:00:00Z,8,4,6,49,82.19
SUB-00777,2026-01-27T17:00:00Z,0,1,6,11,85.24
SUB-00777,2026-03-10T17:00:00Z,0,1,6,11,85.24
SUB-00778,2026-01-28T06:00:00Z,2,4,6,4,61.98
SUB-00778,2026-03-11T06:00:00Z,3,4,6,4,61.98
SUB-00778,2026-04-08T06:00:00Z,9,4,6,4,61.98
SUB-00779,2026-01-20T18:00:00Z,0,4,6,14,59.04
SUB-00779,2026-03-03T18:00:00Z,0,4,6,14,59.04
SUB-00779,2026-03-09T18:00:00Z,5,4,6,14,59.04
SUB-00780,2026-01-17T05:00:00Z,0,2,6,30,42.85
SUB-00780,2026-02-28T05:00:00Z,0,2,6,30,42.85
SUB-00781,2026-01-28T14:00:00Z,0,2,6,44,36.02
SUB-00781,2026-03-11T14:00:00Z,1,2,6,44,36.02
SUB-00781,2026-04-05T14:00:00Z,7,2,6,44,36.02
SUB-00782,2026-01-24T06:00:00Z,0,0,6,6,21.61
SUB-00782,2026-03-07T06:00:00Z,0,0,6,6,21.61
SUB-00782,2026-04-01T06:00:00Z,4,0,6,6,21.61
SUB-00783,2026-01-20T01:00:00Z,0,3,6,20,75.97
SUB-00783,2026-03-03T01:00:00Z,0,3,6,20,75.97
SUB-00784,2026-01-27T13:00:00Z,0,1,6,20,38.06
SUB-00784,2026-03-10T13:00:00Z,1,1,6,20,38.06
SUB-00785,2026-01-22T02:00:00Z,0,4,6,26,105.35
SUB-00785,2026-03-05T02:00:00Z,1,4,6,26,105.35
SUB-00785,2026-03-28T02:00:00Z,7,4,6,26,105.35
SUB-00786,2026-01-27T03:00:00Z,0,0,6,34,60.99
SUB-00786,2026-03-10T03:00:00Z,0,0,6,34,60.99
SUB-00787,2026-01-23T23:00:00Z,0,2,6,30,43.44
SUB-00787,2026-03-06T23:00:00Z,0,2,6,30,43.44
SUB-00788,2026-01-29T21:00:00Z,0,1,6,43,53.85
SUB-00788,2026-03-12T21:00:00Z,0,1,6,43,53.85
SUB-00789,2026-01-20T11:00:00Z,0,2,6,48,49.30
SUB-00789,2026-03-03T11:00:00Z,1,2,6,48,49.30
SUB-00790,2026-01-16T15:00:00Z,0,3,6,33,65.36
SUB-00790,2026-02-27T15:00:00Z,0,3,6,33,65.36
SUB-00790,2026-03-25T15:00:00Z,3,3,6,33,65.36
SUB-00791,2026-01-26T18:00:00Z,0,1,6,21,60.87
SUB-00791,2026-03-09T18:00:00Z,1,1,6,21,60.87
SUB-00792,2026-01-20T18:00:00Z,0,1,6,28,75.67
SUB-00792,2026-03-03T18:00:00Z,0,1,6,28,75.67
SUB-00793,2026-01-18T03:00:00Z,0,3,6,8,36.88
SUB-00793,2026-03-01T03:00:00Z,0,3,6,8,36.88
SUB-00793,2026-03-18T03:00:00Z,3,3,6,8,36.88
SUB-00794,2026-01-23T02:00:00Z,0,4,6,58,71.38
SUB-00794,2026-03-06T02:00:00Z,0,4,6,58,71.38
SUB-00794,2026-04-02T02:00:00Z,4,4,6,58,71.38
SUB-00795,2026-01-26T18:00:00Z,0,2,6,47,54.56
SUB-00795,2026-03-09T18:00:00Z,1,2,6,47,54.56
SUB-00796,2026-01-21T15:00:00Z,0,3,6,8,33.97
SUB-00796,2026-03-04T15:00:00Z,0,3,6,8,33.97
SUB-00796,2026-03-22T15:00:00Z,5,3,6,8,33.97
SUB-00797,2026-01-21T18:00:00Z,0,3,6,56,72.20
SUB-00797,2026-03-04T18:00:00Z,1,3,6,56,72.20
SUB-00798,2026-01-23T13:00:00Z,0,1,6,54,45.40
SUB-00798,2026-03-06T13:00:00Z,0,1,6,54,45.40
SUB-00799,2026-01-27T10:00:00Z,0,6,6,6,56.89
SUB-00799,2026-03-10T10:00:00Z,1,6,6,6,56.89
SUB-00799,2026-04-08T10:00:00Z,4,6,6,6,56.89
SUB-00800,2026-01-19T18:00:00Z,0,2,6,41,55.99
SUB-00800,2026-03-02T18:00:00Z,1,2,6,41,55.99
SUB-00800,2026-03-22T18:00:00Z,2,2,6,41,55.99
SUB-00801,2026-01-20T15:00:00Z,0,3,6,22,57.13
SUB-00801,2026-03-03T15:00:00Z,1,3,6,22,57.13
SUB-00801,2026-03-14T15:00:00Z,6,3,6,22,57.13
SUB-00802,2026-01-29T20:00:00Z,0,1,6,67,106.30
SUB-00802,2026-03-12T20:00:00Z,1,1,6,67,106.30
SUB-00803,2026-01-24T03:00:00Z,1,6,6,7,24.03
SUB-00803,2026-03-07T03:00:00Z,2,6,6,7,24.03
SUB-00803,2026-03-22T03:00:00Z,5,6,6,7,24.03
SUB-00804,2026-01-30T07:00:00Z,0,4,6,24,75.31
SUB-00804,2026-03-13T07:00:00Z,0,4,6,24,75.31
SUB-00804,2026-04-07T07:00:00Z,4,4,6,24,75.31
SUB-00805,2026-01-19T06:00:00Z,0,5,6,67,84.64
SUB-00805,2026-03-02T06:00:00Z,1,5,6,67,84.64
SUB-00806,2026-01-28T11:00:00Z,0,1,6,63,31.69
SUB-00806,2026-03-11T11:00:00Z,1,1,6,63,31.69
SUB-00807,2026-01-19T12:00:00Z,0,0,6,31,58.70
SUB-00807,2026-03-02T12:00:00Z,0,0,6,31,58.70
SUB-00808,2026-01-22T23:00:00Z,0,8,6,23,76.22
SUB-00808,2026-03-05T23:00:00Z,0,8,6,23,76.22
SUB-00808,2026-03-30T23:00:00Z,4,8,6,23,76.22
SUB-00809,2026-01-19T04:00:00Z,0,2,6,57,61.82
SUB-00809,2026-03-02T04:00:00Z,0,2,6,57,61.82
SUB-00810,2026-01-16T15:00:00Z,0,0,6,9,82.01
SUB-00810,2026-02-27T15:00:00Z,0,0,6,9,82.01
SUB-00811,2026-01-18T16:00:00Z,0,2,6,40,19.61
SUB-00811,2026-03-01T16:00:00Z,0,2,6,40,19.61
SUB-00812,2026-01-25T10:00:00Z,0,2,6,39,48.50
SUB-00812,2026-03-08T10:00:00Z,1,2,6,39,48.50
SUB-00812,2026-03-20T10:00:00Z,2,2,6,39,48.50
SUB-00813,2026-01-21T09:00:00Z,0,3,6,52,50.00
SUB-00813,2026-03-04T09:00:00Z,0,3,6,52,50.00
SUB-00813,2026-03-30T09:00:00Z,3,3,6,52,50.00
SUB-00814,2026-01-18T14:00:00Z,0,1,6,39,74.55
SUB-00814,2026-03-01T14:00:00Z,1,1,6,39,74.55
SUB-00814,2026-03-14T14:00:00Z,2,1,6,39,74.55
SUB-00815,2026-01-24T10:00:00Z,0,0,6,3,44.57
SUB-00815,2026-03-07T10:00:00Z,0,0,6,3,44.57
SUB-00815,2026-03-18T10:00:00Z,1,0,6,3,44.57
SUB-00816,2026-01-29T08:00:00Z,0,2,6,13,16.87
SUB-00816,2026-03-12T08:00:00Z,1,2,6,13,16.87
SUB-00816,2026-03-24T08:00:00Z,6,2,6,13,16.87
SUB-00817,2026-01-18T04:00:00Z,0,2,6,53,62.73
SUB-00817,2026-03-01T04:00:00Z,1,2,6,53,62.73
SUB-00817,2026-03-27T04:00:00Z,2,2,6,53,62.73
SUB-00818,2026-01-28T09:00:00Z,0,5,6,53,79.53
SUB-00818,2026-03-11T09:00:00Z,0,5,6,53,79.53
SUB-00818,2026-04-06T09:00:00Z,5,5,6,53,79.53
SUB-00819,2026-01-29T01:00:00Z,0,6,6,41,85.04
SUB-00819,2026-03-12T01:00:00Z,0,6,6,41,85.04
SUB-00819,2026-04-10T01:00:00Z,5,6,6,41,85.04
SUB-00820,2026-01-20T17:00:00Z,0,4,6,14,33.20
SUB-00820,2026-03-03T17:00:00Z,1,4,6,14,33.20
SUB-00820,2026-03-17T17:00:00Z,5,4,6,14,33.20
SUB-00821,2026-01-24T19:00:00Z,0,2,6,15,39.58
SUB-00821,2026-03-07T19:00:00Z,0,2,6,15,39.58
SUB-00821,2026-03-24T19:00:00Z,7,2,6,15,39.58
SUB-00822,2026-01-24T00:00:00Z,0,4,6,38,53.80
SUB-00822,2026-03-07T00:00:00Z,0,4,6,38,53.80
SUB-00822,2026-03-24T00:00:00Z,2,4,6,38,53.80
SUB-00823,2026-01-19T14:00:00Z,0,5,6,17,70.80
SUB-00823,2026-03-02T14:00:00Z,0,5,6,17,70.80
SUB-00823,2026-03-27T14:00:00Z,5,5,6,17,70.80
SUB-00824,2026-01-20T05:00:00Z,0,3,6,12,62.37
SUB-00824,2026-03-03T05:00:00Z,0,3,6,12,62.37
SUB-00824,2026-03-15T05:00:00Z,5,3,6,12,62.37
SUB-00825,2026-01-26T02:00:00Z,0,2,6,33,76.52
SUB-00825,2026-03-09T02:00:00Z,0,2,6,33,76.52
SUB-00826,2026-01-25T16:00:00Z,0,4,6,26,71.76
SUB-00826,2026-03-08T16:00:00Z,0,4,6,26,71.76
SUB-00826,2026-03-20T16:00:00Z,3,4,6,26,71.76
SUB-00827,2026-01-28T08:00:00Z,0,3,6,53,92.76
SUB-00827,2026-03-11T08:00:00Z,0,3,6,53,92.76
SUB-00827,2026-03-16T08:00:00Z,3,3,6,53,92.76
SUB-00828,2026-01-20T00:00:00Z,0,6,6,26,43.03
SUB-00828,2026-03-03T00:00:00Z,0,6,6,26,43.03
SUB-00828,2026-03-11T00:00:00Z,4,6,6,26,43.03
SUB-00829,2026-01-20T06:00:00Z,0,0,6,24,71.04
SUB-00829,2026-03-03T06:00:00Z,1,0,6,24,71.04
SUB-00830,2026-01-25T06:00:00Z,1,2,6,66,60.37
SUB-00830,2026-03-08T06:00:00Z,2,2,6,66,60.37
SUB-00831,2026-01-19T00:00:00Z,0,1,6,51,47.14
SUB-00831,2026-03-02T00:00:00Z,0,1,6,51,47.14
SUB-00832,2026-01-19T02:00:00Z,0,1,6,41,25.82
SUB-00832,2026-03-02T02:00:00Z,1,1,6,41,25.82
SUB-00833,2026-01-25T20:00:00Z,0,2,6,37,73.00
SUB-00833,2026-03-08T20:00:00Z,0,2,6,37,73.00
SUB-00834,2026-01-21T02:00:00Z,0,2,6,34,79.84
SUB-00834,2026-03-04T02:00:00Z,0,2,6,34,79.84
SUB-00835,2026-01-20T08:00:00Z,0,2,6,68,28.43
SUB-00835,2026-03-03T08:00:00Z,0,2,6,68,28.43
SUB-00836,2026-01-21T01:00:00Z,0,0,6,71,59.69
SUB-00836,2026-03-04T01:00:00Z,1,0,6,71,59.69
SUB-00837,2026-01-27T18:00:00Z,0,1,6,58,37.76
SUB-00837,2026-03-10T18:00:00Z,0,1,6,58,37.76
SUB-00838,2026-01-21T01:00:00Z,0,0,6,49,63.70
SUB-00838,2026-03-04T01:00:00Z,1,0,6,49,63.70
SUB-00839,2026-01-28T10:00:00Z,0,0,6,37,72.51
SUB-00839,2026-03-11T10:00:00Z,1,0,6,37,72.51
SUB-00840,2026-01-20T14:00:00Z,1,0,6,13,64.54
SUB-00840,2026-03-03T14:00:00Z,2,0,6,13,64.54
SUB-00840,2026-03-19T14:00:00Z,4,0,6,13,64.54
SUB-00841,2026-01-20T05:00:00Z,1,3,6,16,100.67
SUB-00841,2026-03-03T05:00:00Z,2,3,6,16,100.67
SUB-00841,2026-03-12T05:00:00Z,7,3,6,16,100.67
SUB-00842,2026-01-17T17:00:00Z,0,0,6,63,53.73
SUB-00842,2026-02-28T17:00:00Z,0,0,6,63,53.73
SUB-00843,2026-01-28T10:00:00Z,0,3,6,15,59.27
SUB-00843,2026-03-11T10:00:00Z,1,3,6,15,59.27
SUB-00843,2026-04-01T10:00:00Z,5,3,6,15,59.27
SUB-00844,2026-01-28T01:00:00Z,0,4,6,51,52.34
SUB-00844,2026-03-11T01:00:00Z,0,4,6,51,52.34
SUB-00845,2026-01-22T11:00:00Z,0,4,6,9,30.60
SUB-00845,2026-03-05T11:00:00Z,0,4,6,9,30.60
SUB-00845,2026-03-10T11:00:00Z,1,4,6,9,30.60
SUB-00846,2026-01-19T06:00:00Z,0,1,6,15,83.00
SUB-00846,2026-03-02T06:00:00Z,1,1,6,15,83.00
SUB-00847,2026-01-25T20:00:00Z,0,3,6,2,21.09
SUB-00847,2026-03-08T20:00:00Z,0,3,6,2,21.09
SUB-00847,2026-04-03T20:00:00Z,9,3,6,2,21.09
SUB-00848,2026-01-19T02:00:00Z,0,4,6,20,66.35
SUB-00848,2026-03-02T02:00:00Z,0,4,6,20,66.35
SUB-00848,2026-03-09T02:00:00Z,3,4,6,20,66.35
SUB-00849,2026-01-17T03:00:00Z,0,3,6,61,22.16
SUB-00849,2026-02-28T03:00:00Z,1,3,6,61,22.16
SUB-00850,2026-01-24T23:00:00Z,0,2,6,54,80.77
SUB-00850,2026-03-07T23:00:00Z,1,2,6,54,80.77
SUB-00851,2026-01-17T11:00:00Z,1,4,6,23,72.45
SUB-00851,2026-02-28T11:00:00Z,2,4,6,23,72.45
SUB-00851,2026-03-11T11:00:00Z,5,4,6,23,72.45
SUB-00852,2026-01-24T01:00:00Z,0,2,6,57,39.21
SUB-00852,2026-03-07T01:00:00Z,1,2,6,57,39.21
SUB-00853,2026-01-20T02:00:00Z,0,3,6,34,81.71
SUB-00853,2026-03-03T02:00:00Z,0,3,6,34,81.71
SUB-00853,2026-03-15T02:00:00Z,4,3,6,34,81.71
SUB-00854,2026-01-25T21:00:00Z,0,3,6,15,67.07
SUB-00854,2026-03-08T21:00:00Z,0,3,6,15,67.07
SUB-00854,2026-03-23T21:00:00Z,4,3,6,15,67.07
SUB-00855,2026-01-25T09:00:00Z,0,1,6,61,55.49
SUB-00855,2026-03-08T09:00:00Z,0,1,6,61,55.49
SUB-00856,2026-01-28T23:00:00Z,0,4,6,62,83.54
SUB-00856,2026-03-11T23:00:00Z,1,4,6,62,83.54
SUB-00857,2026-01-23T20:00:00Z,1,7,6,54,54.07
SUB-00857,2026-03-06T20:00:00Z,2,7,6,54,54.07
SUB-00857,2026-03-17T20:00:00Z,6,7,6,54,54.07
SUB-00858,2026-01-29T04:00:00Z,0,0,6,57,74.64
SUB-00858,2026-03-12T04:00:00Z,1,0,6,57,74.64
SUB-00859,2026-01-26T11:00:00Z,0,2,6,13,93.67
SUB-00859,2026-03-09T11:00:00Z,0,2,6,13,93.67
SUB-00859,2026-03-25T11:00:00Z,4,2,6,13,93.67
SUB-00860,2026-01-29T01:00:00Z,0,1,6,16,59.62
SUB-00860,2026-03-12T01:00:00Z,0,1,6,16,59.62
SUB-00861,2026-01-23T18:00:00Z,1,4,6,42,22.20
SUB-00861,2026-03-06T18:00:00Z,2,4,6,42,22.20
SUB-00861,2026-03-15T18:00:00Z,4,4,6,42,22.20
SUB-00862,2026-01-20T05:00:00Z,0,2,6,21,50.31
SUB-00862,2026-03-03T05:00:00Z,1,2,6,21,50.31
SUB-00862,2026-03-13T05:00:00Z,2,2,6,21,50.31
SUB-00863,2026-01-23T08:00:00Z,0,2,6,23,54.79
SUB-00863,2026-03-06T08:00:00Z,1,2,6,23,54.79
SUB-00863,2026-03-14T08:00:00Z,3,2,6,23,54.79
SUB-00864,2026-01-18T04:00:00Z,0,3,6,63,33.74
SUB-00864,2026-03-01T04:00:00Z,1,3,6,63,33.74
SUB-00865,2026-01-19T04:00:00Z,0,2,6,3,97.08
SUB-00865,2026-03-02T04:00:00Z,1,2,6,3,97.08
SUB-00865,2026-03-15T04:00:00Z,9,2,6,3,97.08
SUB-00866,2026-01-18T11:00:00Z,1,3,6,66,62.17
SUB-00866,2026-03-01T11:00:00Z,2,3,6,66,62.17
SUB-00867,2026-01-18T09:00:00Z,0,3,6,59,34.85
SUB-00867,2026-03-01T09:00:00Z,0,3,6,59,34.85
SUB-00868,2026-01-16T12:00:00Z,0,4,6,35,39.23
SUB-00868,2026-02-27T12:00:00Z,0,4,6,35,39.23
SUB-00868,2026-03-09T12:00:00Z,4,4,6,35,39.23
SUB-00869,2026-01-18T17:00:00Z,0,2,6,53,58.05
SUB-00869,2026-03-01T17:00:00Z,1,2,6,53,58.05
SUB-00870,2026-01-20T13:00:00Z,0,3,6,2,92.68
SUB-00870,2026-03-03T13:00:00Z,0,3,6,2,92.68
SUB-00870,2026-04-01T13:00:00Z,3,3,6,2,92.68
SUB-00871,2026-01-21T09:00:00Z,0,3,6,25,41.20
SUB-00871,2026-03-04T09:00:00Z,1,3,6,25,41.20
SUB-00871,2026-03-21T09:00:00Z,5,3,6,25,41.20
SUB-00872,2026-01-18T07:00:00Z,0,2,6,47,19.67
SUB-00872,2026-03-01T07:00:00Z,1,2,6,47,19.67
SUB-00872,2026-03-14T07:00:00Z,5,2,6,47,19.67
SUB-00873,2026-01-19T03:00:00Z,0,2,6,66,80.34
SUB-00873,2026-03-02T03:00:00Z,0,2,6,66,80.34
SUB-00874,2026-01-25T02:00:00Z,0,4,6,41,27.96
SUB-00874,2026-03-08T02:00:00Z,0,4,6,41,27.96
SUB-00874,2026-04-04T02:00:00Z,1,4,6,41,27.96
SUB-00875,2026-01-18T17:00:00Z,0,1,6,26,94.44
SUB-00875,2026-03-01T17:00:00Z,0,1,6,26,94.44
SUB-00876,2026-01-23T12:00:00Z,0,3,6,20,47.82
SUB-00876,2026-03-06T12:00:00Z,0,3,6,20,47.82
SUB-00876,2026-03-27T12:00:00Z,8,3,6,20,47.82
SUB-00877,2026-01-17T11:00:00Z,0,1,6,57,69.41
SUB-00877,2026-02-28T11:00:00Z,1,1,6,57,69.41
SUB-00877,2026-03-06T11:00:00Z,2,1,6,57,69.41
SUB-00878,2026-01-19T21:00:00Z,0,2,6,18,51.70
SUB-00878,2026-03-02T21:00:00Z,0,2,6,18,51.70
SUB-00878,2026-03-08T21:00:00Z,4,2,6,18,51.70
SUB-00879,2026-01-30T00:00:00Z,0,2,6,31,45.87
SUB-00879,2026-03-13T00:00:00Z,0,2,6,31,45.87
SUB-00879,2026-03-26T00:00:00Z,7,2,6,31,45.87
SUB-00880,2026-01-25T07:00:00Z,0,1,6,52,26.00
SUB-00880,2026-03-08T07:00:00Z,1,1,6,52,26.00
SUB-00881,2026-01-18T15:00:00Z,0,5,6,50,63.84
SUB-00881,2026-03-01T15:00:00Z,0,5,6,50,63.84
SUB-00881,2026-03-24T15:00:00Z,4,5,6,50,63.84
SUB-00882,2026-01-18T10:00:00Z,0,2,6,49,68.52
SUB-00882,2026-03-01T10:00:00Z,0,2,6,49,68.52
SUB-00883,2026-01-20T21:00:00Z,0,0,6,59,39.96
SUB-00883,2026-03-03T21:00:00Z,1,0,6,59,39.96
SUB-00884,2026-01-19T01:00:00Z,0,1,6,43,70.92
SUB-00884,2026-03-02T01:00:00Z,0,1,6,43,70.92
SUB-00885,2026-01-20T19:00:00Z,0,1,6,62,77.55
SUB-00885,2026-03-03T19:00:00Z,0,1,6,62,77.55
SUB-00886,2026-01-28T17:00:00Z,1,1,6,66,50.82
SUB-00886,2026-03-11T17:00:00Z,2,1,6,66,50.82
SUB-00887,2026-01-28T20:00:00Z,0,1,6,20,60.87
SUB-00887,2026-03-11T20:00:00Z,0,1,6,20,60.87
SUB-00888,2026-01-18T18:00:00Z,0,0,6,41,62.33
SUB-00888,2026-03-01T18:00:00Z,0,0,6,41,62.33
SUB-00888,2026-03-26T18:00:00Z,1,0,6,41,62.33
SUB-00889,2026-01-16T11:00:00Z,2,2,6,50,41.56
SUB-00889,2026-02-27T11:00:00Z,3,2,6,50,41.56
SUB-00890,2026-01-18T13:00:00Z,0,3,6,11,84.88
SUB-00890,2026-03-01T13:00:00Z,0,3,6,11,84.88
SUB-00890,2026-03-27T13:00:00Z,5,3,6,11,84.88
SUB-00891,2026-01-25T13:00:00Z,0,2,6,36,86.68
SUB-00891,2026-03-08T13:00:00Z,1,2,6,36,86.68
SUB-00892,2026-01-20T01:00:00Z,0,2,6,64,64.19
SUB-00892,2026-03-03T01:00:00Z,1,2,6,64,64.19
SUB-00893,2026-01-16T12:00:00Z,0,3,6,69,53.75
SUB-00893,2026-02-27T12:00:00Z,0,3,6,69,53.75
SUB-00894,2026-01-28T08:00:00Z,0,6,6,6,16.50
SUB-00894,2026-03-11T08:00:00Z,0,6,6,6,16.50
SUB-00894,2026-03-21T08:00:00Z,3,6,6,6,16.50
SUB-00895,2026-01-29T04:00:00Z,0,1,6,52,61.89
SUB-00895,2026-03-12T04:00:00Z,0,1,6,52,61.89
SUB-00895,2026-03-29T04:00:00Z,1,1,6,52,61.89
SUB-00896,2026-01-24T06:00:00Z,0,6,6,36,75.64
SUB-00896,2026-03-07T06:00:00Z,1,6,6,36,75.64
SUB-00896,2026-03-31T06:00:00Z,3,6,6,36,75.64
SUB-00897,2026-01-18T09:00:00Z,1,0,6,35,38.23
SUB-00897,2026-03-01T09:00:00Z,2,0,6,35,38.23
SUB-00898,2026-01-27T20:00:00Z,0,5,6,40,71.12
SUB-00898,2026-03-10T20:00:00Z,1,5,6,40,71.12
SUB-00898,2026-03-21T20:00:00Z,8,5,6,40,71.12
SUB-00899,2026-01-29T21:00:00Z,0,5,6,50,90.59
SUB-00899,2026-03-12T21:00:00Z,0,5,6,50,90.59
SUB-00899,2026-03-18T21:00:00Z,4,5,6,50,90.59
SUB-00900,2026-01-30T02:00:00Z,0,4,6,2,42.90
SUB-00900,2026-03-13T02:00:00Z,1,4,6,2,42.90
SUB-00900,2026-04-01T02:00:00Z,5,4,6,2,42.90
SUB-00901,2026-01-21T19:00:00Z,0,3,6,50,56.72
SUB-00901,2026-03-04T19:00:00Z,0,3,6,50,56.72
SUB-00901,2026-04-02T19:00:00Z,3,3,6,50,56.72
SUB-00902,2026-01-22T15:00:00Z,0,3,6,2,46.51
SUB-00902,2026-03-05T15:00:00Z,0,3,6,2,46.51
SUB-00902,2026-03-28T15:00:00Z,3,3,6,2,46.51
SUB-00903,2026-01-29T22:00:00Z,0,2,6,41,52.89
SUB-00903,2026-03-12T22:00:00Z,0,2,6,41,52.89
SUB-00904,2026-01-27T11:00:00Z,0,2,6,55,69.48
SUB-00904,2026-03-10T11:00:00Z,0,2,6,55,69.48
SUB-00905,2026-01-16T10:00:00Z,0,2,6,50,52.27
SUB-00905,2026-02-27T10:00:00Z,0,2,6,50,52.27
SUB-00906,2026-01-16T19:00:00Z,0,0,6,13,87.60
SUB-00906,2026-02-27T19:00:00Z,0,0,6,13,87.60
SUB-00906,2026-03-21T19:00:00Z,1,0,6,13,87.60
SUB-00907,2026-01-25T19:00:00Z,0,1,6,60,60.38
SUB-00907,2026-03-08T19:00:00Z,0,1,6,60,60.38
SUB-00907,2026-03-25T19:00:00Z,1,1,6,60,60.38
SUB-00908,2026-01-29T20:00:00Z,0,2,6,27,67.14
SUB-00908,2026-03-12T20:00:00Z,1,2,6,27,67.14
SUB-00909,2026-01-21T04:00:00Z,0,6,6,42,5.00
SUB-00909,2026-03-04T04:00:00Z,1,6,6,42,5.00
SUB-00909,2026-03-23T04:00:00Z,8,6,6,42,5.00
SUB-00910,2026-01-30T03:00:00Z,0,3,6,49,48.19
SUB-00910,2026-03-13T03:00:00Z,0,3,6,49,48.19
SUB-00910,2026-04-07T03:00:00Z,6,3,6,49,48.19
SUB-00911,2026-01-18T14:00:00Z,0,1,6,15,100.37
SUB-00911,2026-03-01T14:00:00Z,1,1,6,15,100.37
SUB-00912,2026-01-18T17:00:00Z,0,3,6,20,71.91
SUB-00912,2026-03-01T17:00:00Z,0,3,6,20,71.91
SUB-00912,2026-03-21T17:00:00Z,5,3,6,20,71.91
SUB-00913,2026-01-29T01:00:00Z,0,1,6,31,63.22
SUB-00913,2026-03-12T01:00:00Z,0,1,6,31,63.22
SUB-00914,2026-01-18T07:00:00Z,0,3,6,34,47.45
SUB-00914,2026-03-01T07:00:00Z,0,3,6,34,47.45
SUB-00914,2026-03-08T07:00:00Z,5,3,6,34,47.45
SUB-00915,2026-01-30T03:00:00Z,0,1,6,42,49.54
SUB-00915,2026-03-13T03:00:00Z,0,1,6,42,49.54
SUB-00916,2026-01-16T14:00:00Z,0,1,6,10,52.62
SUB-00916,2026-02-27T14:00:00Z,0,1,6,10,52.62
SUB-00917,2026-01-21T01:00:00Z,0,1,6,24,38.41
SUB-00917,2026-03-04T01:00:00Z,0,1,6,24,38.41
SUB-00918,2026-01-19T23:00:00Z,0,7,6,33,79.85
SUB-00918,2026-03-02T23:00:00Z,0,7,6,33,79.85
SUB-00918,2026-03-27T23:00:00Z,2,7,6,33,79.85
SUB-00919,2026-01-27T10:00:00Z,0,4,6,68,31.99
SUB-00919,2026-03-10T10:00:00Z,0,4,6,68,31.99
SUB-00919,2026-03-30T10:00:00Z,7,4,6,68,31.99
SUB-00920,2026-01-18T03:00:00Z,0,4,6,18,70.40
SUB-00920,2026-03-01T03:00:00Z,0,4,6,18,70.40
SUB-00920,2026-03-18T03:00:00Z,10,4,6,18,70.40
SUB-00921,2026-01-29T03:00:00Z,0,1,6,59,22.07
SUB-00921,2026-03-12T03:00:00Z,0,1,6,59,22.07
SUB-00922,2026-01-25T05:00:00Z,0,3,6,6,71.43
SUB-00922,2026-03-08T05:00:00Z,1,3,6,6,71.43
SUB-00922,2026-04-05T05:00:00Z,6,3,6,6,71.43
SUB-00923,2026-01-19T04:00:00Z,0,2,6,50,46.13
SUB-00923,2026-03-02T04:00:00Z,0,2,6,50,46.13
SUB-00924,2026-01-24T03:00:00Z,0,3,6,15,54.09
SUB-00924,2026-03-07T03:00:00Z,0,3,6,15,54.09
SUB-00924,2026-04-04T03:00:00Z,7,3,6,15,54.09
SUB-00925,2026-01-24T22:00:00Z,0,2,6,53,9.20
SUB-00925,2026-03-07T22:00:00Z,0,2,6,53,9.20
SUB-00926,2026-01-29T08:00:00Z,0,1,6,36,52.93
SUB-00926,2026-03-12T08:00:00Z,0,1,6,36,52.93
SUB-00927,2026-01-21T16:00:00Z,0,7,6,32,90.04
SUB-00927,2026-03-04T16:00:00Z,0,7,6,32,90.04
SUB-00927,2026-04-02T16:00:00Z,3,7,6,32,90.04
SUB-00928,2026-01-25T05:00:00Z,0,3,6,22,59.28
SUB-00928,2026-03-08T05:00:00Z,0,3,6,22,59.28
SUB-00928,2026-03-17T05:00:00Z,3,3,6,22,59.28
SUB-00929,2026-01-16T15:00:00Z,0,3,6,56,22.10
SUB-00929,2026-02-27T15:00:00Z,0,3,6,56,22.10
SUB-00930,2026-01-22T05:00:00Z,1,2,6,4,42.83
SUB-00930,2026-03-05T05:00:00Z,2,2,6,4,42.83
SUB-00930,2026-03-12T05:00:00Z,5,2,6,4,42.83
SUB-00931,2026-01-17T09:00:00Z,0,1,6,66,99.38
SUB-00931,2026-02-28T09:00:00Z,1,1,6,66,99.38
SUB-00932,2026-01-25T19:00:00Z,0,5,6,17,36.19
SUB-00932,2026-03-08T19:00:00Z,0,5,6,17,36.19
SUB-00932,2026-04-01T19:00:00Z,6,5,6,17,36.19
SUB-00933,2026-01-27T11:00:00Z,0,4,6,66,60.06
SUB-00933,2026-03-10T11:00:00Z,1,4,6,66,60.06
SUB-00933,2026-03-19T11:00:00Z,5,4,6,66,60.06
SUB-00934,2026-01-18T16:00:00Z,2,2,6,44,68.11
SUB-00934,2026-03-01T16:00:00Z,3,2,6,44,68.11
SUB-00934,2026-03-10T16:00:00Z,4,2,6,44,68.11
SUB-00935,2026-01-25T17:00:00Z,0,2,6,14,75.79
SUB-00935,2026-03-08T17:00:00Z,1,2,6,14,75.79
SUB-00935,2026-03-28T17:00:00Z,5,2,6,14,75.79
SUB-00936,2026-01-29T17:00:00Z,0,1,6,60,49.31
SUB-00936,2026-03-12T17:00:00Z,1,1,6,60,49.31
SUB-00937,2026-01-26T08:00:00Z,0,1,6,9,58.89
SUB-00937,2026-03-09T08:00:00Z,1,1,6,9,58.89
SUB-00938,2026-01-29T18:00:00Z,0,1,6,9,83.74
SUB-00938,2026-03-12T18:00:00Z,0,1,6,9,83.74
SUB-00938,2026-03-21T18:00:00Z,5,1,6,9,83.74
SUB-00939,2026-01-19T09:00:00Z,0,3,6,2,36.86
SUB-00939,2026-03-02T09:00:00Z,1,3,6,2,36.86
SUB-00939,2026-03-11T09:00:00Z,5,3,6,2,36.86
SUB-00940,2026-01-24T11:00:00Z,0,2,6,60,38.84
SUB-00940,2026-03-07T11:00:00Z,1,2,6,60,38.84
SUB-00941,2026-01-26T08:00:00Z,0,6,6,30,57.42
SUB-00941,2026-03-09T08:00:00Z,1,6,6,30,57.42
SUB-00941,2026-04-01T08:00:00Z,3,6,6,30,57.42
SUB-00942,2026-01-19T01:00:00Z,2,2,6,67,63.61
SUB-00942,2026-03-02T01:00:00Z,3,2,6,67,63.61
SUB-00943,2026-01-28T07:00:00Z,0,3,6,17,54.09
SUB-00943,2026-03-11T07:00:00Z,0,3,6,17,54.09
SUB-00943,2026-03-30T07:00:00Z,4,3,6,17,54.09
SUB-00944,2026-01-28T14:00:00Z,1,3,6,28,32.83
SUB-00944,2026-03-11T14:00:00Z,2,3,6,28,32.83
SUB-00944,2026-03-21T14:00:00Z,6,3,6,28,32.83
SUB-00945,2026-01-18T13:00:00Z,0,3,6,12,83.23
SUB-00945,2026-03-01T13:00:00Z,1,3,6,12,83.23
SUB-00946,2026-01-22T21:00:00Z,0,2,6,27,66.79
SUB-00946,2026-03-05T21:00:00Z,0,2,6,27,66.79
SUB-00947,2026-01-28T19:00:00Z,0,2,6,20,36.55
SUB-00947,2026-03-11T19:00:00Z,0,2,6,20,36.55
SUB-00947,2026-03-30T19:00:00Z,3,2,6,20,36.55
SUB-00948,2026-01-25T07:00:00Z,1,1,6,63,78.77
SUB-00948,2026-03-08T07:00:00Z,2,1,6,63,78.77
SUB-00949,2026-01-19T23:00:00Z,0,4,6,52,79.00
SUB-00949,2026-03-02T23:00:00Z,0,4,6,52,79.00
SUB-00949,2026-03-20T23:00:00Z,4,4,6,52,79.00
SUB-00950,2026-01-21T02:00:00Z,0,1,6,14,68.80
SUB-00950,2026-03-04T02:00:00Z,0,1,6,14,68.80
SUB-00950,2026-03-22T02:00:00Z,2,1,6,14,68.80
SUB-00951,2026-01-16T15:00:00Z,0,4,6,3,56.88
SUB-00951,2026-02-27T15:00:00Z,1,4,6,3,56.88
SUB-00951,2026-03-24T15:00:00Z,3,4,6,3,56.88
SUB-00952,2026-01-18T11:00:00Z,0,2,6,29,80.64
SUB-00952,2026-03-01T11:00:00Z,0,2,6,29,80.64
SUB-00952,2026-03-27T11:00:00Z,1,2,6,29,80.64
SUB-00953,2026-01-17T12:00:00Z,0,0,6,71,52.99
SUB-00953,2026-02-28T12:00:00Z,1,0,6,71,52.99
SUB-00954,2026-01-29T00:00:00Z,0,8,6,32,68.09
SUB-00954,2026-03-12T00:00:00Z,0,8,6,32,68.09
SUB-00954,2026-04-01T00:00:00Z,2,8,6,32,68.09
SUB-00955,2026-01-26T15:00:00Z,0,5,6,18,53.94
SUB-00955,2026-03-09T15:00:00Z,0,5,6,18,53.94
SUB-00955,2026-03-29T15:00:00Z,2,5,6,18,53.94
SUB-00956,2026-01-26T08:00:00Z,0,4,6,35,41.04
SUB-00956,2026-03-09T08:00:00Z,0,4,6,35,41.04
SUB-00956,2026-03-14T08:00:00Z,2,4,6,35,41.04
SUB-00957,2026-01-17T02:00:00Z,0,0,6,37,53.43
SUB-00957,2026-02-28T02:00:00Z,1,0,6,37,53.43
SUB-00958,2026-01-25T00:00:00Z,0,3,6,37,56.06
SUB-00958,2026-03-08T00:00:00Z,1,3,6,37,56.06
SUB-00958,2026-03-16T00:00:00Z,6,3,6,37,56.06
SUB-00959,2026-01-16T14:00:00Z,0,4,6,57,72.31
SUB-00959,2026-02-27T14:00:00Z,0,4,6,57,72.31
SUB-00959,2026-03-27T14:00:00Z,3,4,6,57,72.31
SUB-00960,2026-01-24T21:00:00Z,0,0,6,56,16.35
SUB-00960,2026-03-07T21:00:00Z,0,0,6,56,16.35
SUB-00961,2026-01-24T08:00:00Z,0,0,6,31,40.04
SUB-00961,2026-03-07T08:00:00Z,0,0,6,31,40.04
SUB-00962,2026-01-29T19:00:00Z,0,6,6,67,69.73
SUB-00962,2026-03-12T19:00:00Z,0,6,6,67,69.73
SUB-00962,2026-04-02T19:00:00Z,1,6,6,67,69.73
SUB-00963,2026-01-18T05:00:00Z,1,3,6,18,41.36
SUB-00963,2026-03-01T05:00:00Z,2,3,6,18,41.36
SUB-00963,2026-03-17T05:00:00Z,5,3,6,18,41.36
SUB-00964,2026-01-20T11:00:00Z,0,2,6,68,56.55
SUB-00964,2026-03-03T11:00:00Z,1,2,6,68,56.55
SUB-00965,2026-01-20T12:00:00Z,0,4,6,67,82.89
SUB-00965,2026-03-03T12:00:00Z,1,4,6,67,82.89
SUB-00966,2026-01-22T20:00:00Z,0,1,6,31,80.19
SUB-00966,2026-03-05T20:00:00Z,0,1,6,31,80.19
SUB-00967,2026-01-16T16:00:00Z,0,2,6,10,89.67
SUB-00967,2026-02-27T16:00:00Z,0,2,6,10,89.67
SUB-00967,2026-03-15T16:00:00Z,4,2,6,10,89.67
SUB-00968,2026-01-19T17:00:00Z,0,2,6,27,65.80
SUB-00968,2026-03-02T17:00:00Z,0,2,6,27,65.80
SUB-00968,2026-03-24T17:00:00Z,6,2,6,27,65.80
SUB-00969,2026-01-21T00:00:00Z,0,1,6,22,37.38
SUB-00969,2026-03-04T00:00:00Z,0,1,6,22,37.38
SUB-00969,2026-03-09T00:00:00Z,4,1,6,22,37.38
SUB-00970,2026-01-20T16:00:00Z,0,2,6,28,68.62
SUB-00970,2026-03-03T16:00:00Z,0,2,6,28,68.62
SUB-00971,2026-01-25T14:00:00Z,0,5,6,8,62.73
SUB-00971,2026-03-08T14:00:00Z,0,5,6,8,62.73
SUB-00971,2026-03-20T14:00:00Z,1,5,6,8,62.73
SUB-00972,2026-01-28T08:00:00Z,0,3,6,62,69.58
SUB-00972,2026-03-11T08:00:00Z,1,3,6,62,69.58
SUB-00973,2026-01-19T15:00:00Z,0,1,6,43,67.28
SUB-00973,2026-03-02T15:00:00Z,0,1,6,43,67.28
SUB-00974,2026-01-26T02:00:00Z,0,2,6,24,46.21
SUB-00974,2026-03-09T02:00:00Z,1,2,6,24,46.21
SUB-00975,2026-01-19T06:00:00Z,0,5,6,39,71.53
SUB-00975,2026-03-02T06:00:00Z,0,5,6,39,71.53
SUB-00975,2026-03-26T06:00:00Z,2,5,6,39,71.53
SUB-00976,2026-01-19T13:00:00Z,0,2,6,1,69.11
SUB-00976,2026-03-02T13:00:00Z,0,2,6,1,69.11
SUB-00976,2026-03-30T13:00:00Z,3,2,6,1,69.11
SUB-00977,2026-01-25T09:00:00Z,0,4,6,15,76.94
SUB-00977,2026-03-08T09:00:00Z,0,4,6,15,76.94
SUB-00977,2026-03-31T09:00:00Z,6,4,6,15,76.94
SUB-00978,2026-01-22T22:00:00Z,0,2,6,48,62.40
SUB-00978,2026-03-05T22:00:00Z,0,2,6,48,62.40
SUB-00979,2026-01-28T09:00:00Z,0,1,6,57,17.04
SUB-00979,2026-03-11T09:00:00Z,1,1,6,57,17.04
SUB-00980,2026-01-19T20:00:00Z,0,1,6,48,48.32
SUB-00980,2026-03-02T20:00:00Z,0,1,6,48,48.32
SUB-00981,2026-01-28T11:00:00Z,0,2,6,39,75.20
SUB-00981,2026-03-11T11:00:00Z,0,2,6,39,75.20
SUB-00982,2026-01-16T18:00:00Z,0,0,6,37,56.83
SUB-00982,2026-02-27T18:00:00Z,1,0,6,37,56.83
SUB-00983,2026-01-21T06:00:00Z,0,5,6,34,68.76
SUB-00983,2026-03-04T06:00:00Z,0,5,6,34,68.76
SUB-00983,2026-03-17T06:00:00Z,6,5,6,34,68.76
SUB-00984,2026-01-21T17:00:00Z,0,3,6,27,22.55
SUB-00984,2026-03-04T17:00:00Z,1,3,6,27,22.55
SUB-00984,2026-03-29T17:00:00Z,6,3,6,27,22.55
SUB-00985,2026-01-18T23:00:00Z,1,1,6,36,74.92
SUB-00985,2026-03-01T23:00:00Z,2,1,6,36,74.92
SUB-00986,2026-01-22T16:00:00Z,0,2,6,55,65.30
SUB-00986,2026-03-05T16:00:00Z,1,2,6,55,65.30
SUB-00987,2026-01-22T15:00:00Z,0,5,6,52,59.62
SUB-00987,2026-03-05T15:00:00Z,0,5,6,52,59.62
SUB-00987,2026-03-21T15:00:00Z,5,5,6,52,59.62
SUB-00988,2026-01-22T10:00:00Z,0,2,6,8,69.61
SUB-00988,2026-03-05T10:00:00Z,0,2,6,8,69.61
SUB-00988,2026-04-03T10:00:00Z,5,2,6,8,69.61
SUB-00989,2026-01-23T19:00:00Z,0,2,6,14,84.43
SUB-00989,2026-03-06T19:00:00Z,0,2,6,14,84.43
SUB-00989,2026-04-03T19:00:00Z,3,2,6,14,84.43
SUB-00990,2026-01-21T11:00:00Z,0,4,6,47,38.81
SUB-00990,2026-03-04T11:00:00Z,1,4,6,47,38.81
SUB-00990,2026-03-20T11:00:00Z,4,4,6,47,38.81
SUB-00991,2026-01-22T14:00:00Z,0,2,6,22,63.06
SUB-00991,2026-03-05T14:00:00Z,1,2,6,22,63.06
SUB-00991,2026-03-18T14:00:00Z,2,2,6,22,63.06
SUB-00992,2026-01-25T21:00:00Z,0,3,6,26,48.84
SUB-00992,2026-03-08T21:00:00Z,0,3,6,26,48.84
SUB-00992,2026-03-30T21:00:00Z,2,3,6,26,48.84
SUB-00993,2026-01-20T14:00:00Z,0,5,6,36,22.12
SUB-00993,2026-03-03T14:00:00Z,0,5,6,36,22.12
SUB-00993,2026-03-29T14:00:00Z,6,5,6,36,22.12
SUB-00994,2026-01-23T03:00:00Z,0,3,6,68,47.89
SUB-00994,2026-03-06T03:00:00Z,0,3,6,68,47.89
SUB-00995,2026-01-22T15:00:00Z,0,2,6,11,48.74
SUB-00995,2026-03-05T15:00:00Z,0,2,6,11,48.74
SUB-00995,2026-03-17T15:00:00Z,7,2,6,11,48.74
SUB-00996,2026-01-30T00:00:00Z,0,4,6,71,84.20
SUB-00996,2026-03-13T00:00:00Z,1,4,6,71,84.20
SUB-00997,2026-01-26T06:00:00Z,0,1,6,2,59.28
SUB-00997,2026-03-09T06:00:00Z,1,1,6,2,59.28
SUB-00997,2026-03-22T06:00:00Z,5,1,6,2,59.28
SUB-00998,2026-01-21T00:00:00Z,0,0,6,23,48.73
SUB-00998,2026-03-04T00:00:00Z,1,0,6,23,48.73
SUB-00999,2026-01-19T14:00:00Z,0,4,6,5,43.70
SUB-00999,2026-03-02T14:00:00Z,0,4,6,5,43.70
SUB-00999,2026-03-17T14:00:00Z,4,4,6,5,43.70
SUB-01000,2026-01-28T01:00:00Z,0,3,6,44,60.67
SUB-01000,2026-03-11T01:00:00Z,0,3,6,44,60.67
SUB-01000,2026-03-28T01:00:00Z,4,3,6,44,60.67
SUB-01001,2026-01-29T15:00:00Z,0,2,6,9,17.49
SUB-01001,2026-03-12T15:00:00Z,1,2,6,9,17.49
SUB-01001,2026-03-19T15:00:00Z,6,2,6,9,17.49
SUB-01002,2026-01-16T08:00:00Z,0,3,6,2,37.08
SUB-01002,2026-02-27T08:00:00Z,1,3,6,2,37.08
SUB-01002,2026-03-05T08:00:00Z,5,3,6,2,37.08
SUB-01003,2026-01-20T01:00:00Z,0,4,6,63,45.76
SUB-01003,2026-03-03T01:00:00Z,0,4,6,63,45.76
SUB-01004,2026-01-22T15:00:00Z,0,3,6,52,48.79
SUB-01004,2026-03-05T15:00:00Z,0,3,6,52,48.79
SUB-01004,2026-03-15T15:00:00Z,7,3,6,52,48.79
SUB-01005,2026-01-28T15:00:00Z,0,3,6,62,62.72
SUB-01005,2026-03-11T15:00:00Z,1,3,6,62,62.72
SUB-01005,2026-03-20T15:00:00Z,2,3,6,62,62.72
SUB-01006,2026-01-17T17:00:00Z,0,4,6,37,101.42
SUB-01006,2026-02-28T17:00:00Z,1,4,6,37,101.42
SUB-01007,2026-01-24T20:00:00Z,0,1,6,67,56.56
SUB-01007,2026-03-07T20:00:00Z,1,1,6,67,56.56
SUB-01008,2026-01-19T16:00:00Z,0,0,6,55,57.63
SUB-01008,2026-03-02T16:00:00Z,0,0,6,55,57.63
SUB-01009,2026-01-18T05:00:00Z,0,2,6,66,58.51
SUB-01009,2026-03-01T05:00:00Z,0,2,6,66,58.51
SUB-01010,2026-01-28T22:00:00Z,1,2,6,33,35.04
SUB-01010,2026-03-11T22:00:00Z,2,2,6,33,35.04
SUB-01010,2026-04-01T22:00:00Z,6,2,6,33,35.04
SUB-01011,2026-01-29T19:00:00Z,0,1,6,58,42.57
SUB-01011,2026-03-12T19:00:00Z,1,1,6,58,42.57
SUB-01012,2026-01-30T04:00:00Z,0,5,6,65,41.89
SUB-01012,2026-03-13T04:00:00Z,1,5,6,65,41.89
SUB-01012,2026-03-31T04:00:00Z,3,5,6,65,41.89
SUB-01013,2026-01-25T08:00:00Z,0,2,6,44,51.64
SUB-01013,2026-03-08T08:00:00Z,0,2,6,44,51.64
SUB-01013,2026-03-22T08:00:00Z,5,2,6,44,51.64
SUB-01014,2026-01-27T01:00:00Z,0,1,6,14,52.09
SUB-01014,2026-03-10T01:00:00Z,0,1,6,14,52.09
SUB-01014,2026-03-26T01:00:00Z,5,1,6,14,52.09
SUB-01015,2026-01-20T18:00:00Z,0,1,6,35,63.36
SUB-01015,2026-03-03T18:00:00Z,0,1,6,35,63.36
SUB-01016,2026-01-26T11:00:00Z,0,4,6,55,70.10
SUB-01016,2026-03-09T11:00:00Z,0,4,6,55,70.10
SUB-01017,2026-01-29T14:00:00Z,0,3,6,52,90.24
SUB-01017,2026-03-12T14:00:00Z,1,3,6,52,90.24
SUB-01018,2026-01-22T07:00:00Z,0,1,6,19,68.60
SUB-01018,2026-03-05T07:00:00Z,0,1,6,19,68.60
SUB-01019,2026-01-29T18:00:00Z,0,1,6,52,75.29
SUB-01019,2026-03-12T18:00:00Z,0,1,6,52,75.29
SUB-01020,2026-01-16T20:00:00Z,0,2,6,13,63.05
SUB-01020,2026-02-27T20:00:00Z,0,2,6,13,63.05
SUB-01020,2026-03-22T20:00:00Z,3,2,6,13,63.05
SUB-01021,2026-01-16T12:00:00Z,0,2,6,44,46.57
SUB-01021,2026-02-27T12:00:00Z,1,2,6,44,46.57
SUB-01022,2026-01-20T15:00:00Z,1,4,6,46,63.56
SUB-01022,2026-03-03T15:00:00Z,2,4,6,46,63.56
SUB-01022,2026-03-18T15:00:00Z,5,4,6,46,63.56
SUB-01023,2026-01-17T12:00:00Z,0,2,6,56,71.97
SUB-01023,2026-02-28T12:00:00Z,1,2,6,56,71.97
SUB-01024,2026-01-25T17:00:00Z,0,1,6,67,54.06
SUB-01024,2026-03-08T17:00:00Z,0,1,6,67,54.06
SUB-01025,2026-01-29T15:00:00Z,0,2,6,12,66.38
SUB-01025,2026-03-12T15:00:00Z,1,2,6,12,66.38
SUB-01025,2026-03-18T15:00:00Z,5,2,6,12,66.38
SUB-01026,2026-01-30T03:00:00Z,0,0,6,31,47.53
SUB-01026,2026-03-13T03:00:00Z,1,0,6,31,47.53
SUB-01027,2026-01-22T21:00:00Z,0,1,6,52,22.75
SUB-01027,2026-03-05T21:00:00Z,0,1,6,52,22.75
SUB-01028,2026-01-19T19:00:00Z,0,3,6,41,88.33
SUB-01028,2026-03-02T19:00:00Z,0,3,6,41,88.33
SUB-01029,2026-01-19T14:00:00Z,0,1,6,50,38.24
SUB-01029,2026-03-02T14:00:00Z,1,1,6,50,38.24
SUB-01030,2026-01-29T07:00:00Z,0,2,6,21,57.50
SUB-01030,2026-03-12T07:00:00Z,0,2,6,21,57.50
SUB-01030,2026-04-01T07:00:00Z,3,2,6,21,57.50
SUB-01031,2026-01-26T08:00:00Z,0,4,6,63,7.54
SUB-01031,2026-03-09T08:00:00Z,1,4,6,63,7.54
SUB-01031,2026-03-25T08:00:00Z,6,4,6,63,7.54
SUB-01032,2026-01-19T07:00:00Z,0,2,6,13,69.45
SUB-01032,2026-03-02T07:00:00Z,0,2,6,13,69.45
SUB-01032,2026-03-27T07:00:00Z,2,2,6,13,69.45
SUB-01033,2026-01-30T06:00:00Z,0,1,6,6,37.97
SUB-01033,2026-03-13T06:00:00Z,0,1,6,6,37.97
SUB-01033,2026-03-22T06:00:00Z,7,1,6,6,37.97
SUB-01034,2026-01-29T12:00:00Z,0,2,6,69,37.21
SUB-01034,2026-03-12T12:00:00Z,0,2,6,69,37.21
SUB-01035,2026-01-21T14:00:00Z,0,0,6,62,50.74
SUB-01035,2026-03-04T14:00:00Z,0,0,6,62,50.74
SUB-01036,2026-01-21T03:00:00Z,0,1,6,41,49.95
SUB-01036,2026-03-04T03:00:00Z,0,1,6,41,49.95
SUB-01036,2026-03-18T03:00:00Z,1,1,6,41,49.95
SUB-01037,2026-01-23T04:00:00Z,0,3,6,68,25.35
SUB-01037,2026-03-06T04:00:00Z,1,3,6,68,25.35
SUB-01038,2026-01-19T14:00:00Z,0,2,6,22,75.20
SUB-01038,2026-03-02T14:00:00Z,1,2,6,22,75.20
SUB-01039,2026-01-26T17:00:00Z,0,1,6,31,21.28
SUB-01039,2026-03-09T17:00:00Z,1,1,6,31,21.28
SUB-01040,2026-01-24T08:00:00Z,0,4,6,15,73.77
SUB-01040,2026-03-07T08:00:00Z,1,4,6,15,73.77
SUB-01040,2026-04-03T08:00:00Z,5,4,6,15,73.77
SUB-01041,2026-01-29T00:00:00Z,0,3,6,63,66.50
SUB-01041,2026-03-12T00:00:00Z,0,3,6,63,66.50
SUB-01042,2026-01-22T02:00:00Z,0,2,6,40,56.67
SUB-01042,2026-03-05T02:00:00Z,1,2,6,40,56.67
SUB-01042,2026-03-27T02:00:00Z,2,2,6,40,56.67
SUB-01043,2026-01-29T19:00:00Z,0,4,6,48,53.44
SUB-01043,2026-03-12T19:00:00Z,0,4,6,48,53.44
SUB-01044,2026-01-25T02:00:00Z,0,4,6,8,86.87
SUB-01044,2026-03-08T02:00:00Z,0,4,6,8,86.87
SUB-01044,2026-03-31T02:00:00Z,2,4,6,8,86.87
SUB-01045,2026-01-29T00:00:00Z,0,3,6,18,49.58
SUB-01045,2026-03-12T00:00:00Z,0,3,6,18,49.58
SUB-01045,2026-03-30T00:00:00Z,4,3,6,18,49.58
SUB-01046,2026-01-19T18:00:00Z,0,0,6,31,49.88
SUB-01046,2026-03-02T18:00:00Z,0,0,6,31,49.88
SUB-01047,2026-01-25T04:00:00Z,0,3,6,58,57.93
SUB-01047,2026-03-08T04:00:00Z,0,3,6,58,57.93
SUB-01048,2026-01-24T20:00:00Z,0,2,6,33,121.57
SUB-01048,2026-03-07T20:00:00Z,0,2,6,33,121.57
SUB-01049,2026-01-22T03:00:00Z,0,5,6,51,45.17
SUB-01049,2026-03-05T03:00:00Z,1,5,6,51,45.17
SUB-01049,2026-03-11T03:00:00Z,5,5,6,51,45.17
SUB-01050,2026-01-29T12:00:00Z,0,3,6,13,47.62
SUB-01050,2026-03-12T12:00:00Z,1,3,6,13,47.62
SUB-01050,2026-03-24T12:00:00Z,4,3,6,13,47.62
SUB-01051,2026-01-25T03:00:00Z,0,2,6,46,93.18
SUB-01051,2026-03-08T03:00:00Z,0,2,6,46,93.18
SUB-01052,2026-01-28T19:00:00Z,0,2,6,5,55.21
SUB-01052,2026-03-11T19:00:00Z,1,2,6,5,55.21
SUB-01052,2026-04-09T19:00:00Z,7,2,6,5,55.21
SUB-01053,2026-01-29T02:00:00Z,0,2,6,32,73.25
SUB-01053,2026-03-12T02:00:00Z,0,2,6,32,73.25
SUB-01054,2026-01-18T21:00:00Z,0,0,6,51,47.73
SUB-01054,2026-03-01T21:00:00Z,0,0,6,51,47.73
SUB-01055,2026-01-28T05:00:00Z,0,2,6,4,22.03
SUB-01055,2026-03-11T05:00:00Z,0,2,6,4,22.03
SUB-01055,2026-04-06T05:00:00Z,2,2,6,4,22.03
SUB-01056,2026-01-28T00:00:00Z,0,3,6,61,61.90
SUB-01056,2026-03-11T00:00:00Z,0,3,6,61,61.90
SUB-01057,2026-01-16T13:00:00Z,0,2,6,20,27.38
SUB-01057,2026-02-27T13:00:00Z,0,2,6,20,27.38
SUB-01057,2026-03-16T13:00:00Z,2,2,6,20,27.38
SUB-01058,2026-01-26T13:00:00Z,0,1,6,47,53.64
SUB-01058,2026-03-09T13:00:00Z,0,1,6,47,53.64
SUB-01059,2026-01-25T23:00:00Z,0,2,6,62,66.62
SUB-01059,2026-03-08T23:00:00Z,0,2,6,62,66.62
SUB-01060,2026-01-25T22:00:00Z,0,1,6,14,54.50
SUB-01060,2026-03-08T22:00:00Z,0,1,6,14,54.50
SUB-01060,2026-03-18T22:00:00Z,5,1,6,14,54.50
SUB-01061,2026-01-16T22:00:00Z,0,1,6,52,86.57
SUB-01061,2026-02-27T22:00:00Z,0,1,6,52,86.57
SUB-01062,2026-01-19T18:00:00Z,0,2,6,65,80.19
SUB-01062,2026-03-02T18:00:00Z,0,2,6,65,80.19
SUB-01063,2026-01-27T10:00:00Z,0,5,6,34,74.54
SUB-01063,2026-03-10T10:00:00Z,0,5,6,34,74.54
SUB-01063,2026-03-22T10:00:00Z,8,5,6,34,74.54
SUB-01064,2026-01-24T03:00:00Z,0,2,6,35,45.55
SUB-01064,2026-03-07T03:00:00Z,0,2,6,35,45.55
SUB-01064,2026-03-21T03:00:00Z,6,2,6,35,45.55
SUB-01065,2026-01-16T09:00:00Z,0,2,6,7,68.14
SUB-01065,2026-02-27T09:00:00Z,1,2,6,7,68.14
SUB-01065,2026-03-17T09:00:00Z,5,2,6,7,68.14
SUB-01066,2026-01-16T16:00:00Z,0,2,6,20,63.72
SUB-01066,2026-02-27T16:00:00Z,0,2,6,20,63.72
SUB-01066,2026-03-11T16:00:00Z,3,2,6,20,63.72
SUB-01067,2026-01-25T10:00:00Z,0,0,6,68,69.70
SUB-01067,2026-03-08T10:00:00Z,0,0,6,68,69.70
SUB-01068,2026-01-24T21:00:00Z,0,3,6,26,89.52
SUB-01068,2026-03-07T21:00:00Z,0,3,6,26,89.52
SUB-01068,2026-03-27T21:00:00Z,3,3,6,26,89.52
SUB-01069,2026-01-18T21:00:00Z,0,1,6,53,76.65
SUB-01069,2026-03-01T21:00:00Z,0,1,6,53,76.65
SUB-01070,2026-01-27T14:00:00Z,0,3,6,27,62.94
SUB-01070,2026-03-10T14:00:00Z,0,3,6,27,62.94
SUB-01070,2026-04-04T14:00:00Z,3,3,6,27,62.94
SUB-01071,2026-01-21T12:00:00Z,0,1,6,64,81.10
SUB-01071,2026-03-04T12:00:00Z,0,1,6,64,81.10
SUB-01072,2026-01-23T04:00:00Z,0,2,6,9,89.35
SUB-01072,2026-03-06T04:00:00Z,0,2,6,9,89.35
SUB-01072,2026-03-11T04:00:00Z,1,2,6,9,89.35
SUB-01073,2026-01-27T01:00:00Z,0,1,6,47,87.12
SUB-01073,2026-03-10T01:00:00Z,0,1,6,47,87.12
SUB-01074,2026-01-21T14:00:00Z,0,4,6,64,90.68
SUB-01074,2026-03-04T14:00:00Z,0,4,6,64,90.68
SUB-01075,2026-01-16T16:00:00Z,0,2,6,12,40.21
SUB-01075,2026-02-27T16:00:00Z,0,2,6,12,40.21
SUB-01075,2026-03-05T16:00:00Z,2,2,6,12,40.21
SUB-01076,2026-01-26T23:00:00Z,0,3,6,39,83.63
SUB-01076,2026-03-09T23:00:00Z,0,3,6,39,83.63
SUB-01077,2026-01-22T22:00:00Z,0,1,6,34,41.77
SUB-01077,2026-03-05T22:00:00Z,0,1,6,34,41.77
SUB-01078,2026-01-28T17:00:00Z,0,3,6,28,67.08
SUB-01078,2026-03-11T17:00:00Z,0,3,6,28,67.08
SUB-01078,2026-03-25T17:00:00Z,3,3,6,28,67.08
SUB-01079,2026-01-18T09:00:00Z,0,4,6,16,58.29
SUB-01079,2026-03-01T09:00:00Z,0,4,6,16,58.29
SUB-01079,2026-03-29T09:00:00Z,4,4,6,16,58.29
SUB-01080,2026-01-26T17:00:00Z,0,1,6,43,66.92
SUB-01080,2026-03-09T17:00:00Z,1,1,6,43,66.92
SUB-01081,2026-01-18T23:00:00Z,0,3,6,49,40.14
SUB-01081,2026-03-01T23:00:00Z,0,3,6,49,40.14
SUB-01081,2026-03-10T23:00:00Z,3,3,6,49,40.14
SUB-01082,2026-01-28T11:00:00Z,0,2,6,67,46.83
SUB-01082,2026-03-11T11:00:00Z,1,2,6,67,46.83
SUB-01083,2026-01-26T07:00:00Z,0,3,6,71,41.68
SUB-01083,2026-03-09T07:00:00Z,0,3,6,71,41.68
SUB-01084,2026-01-21T19:00:00Z,1,3,6,5,20.78
SUB-01084,2026-03-04T19:00:00Z,2,3,6,5,20.78
SUB-01084,2026-03-10T19:00:00Z,8,3,6,5,20.78
SUB-01085,2026-01-24T08:00:00Z,0,1,6,71,63.62
SUB-01085,2026-03-07T08:00:00Z,0,1,6,71,63.62
SUB-01086,2026-01-19T13:00:00Z,0,3,6,28,78.69
SUB-01086,2026-03-02T13:00:00Z,0,3,6,28,78.69
SUB-01086,2026-03-27T13:00:00Z,4,3,6,28,78.69
SUB-01087,2026-01-20T06:00:00Z,1,0,6,23,53.03
SUB-01087,2026-03-03T06:00:00Z,2,0,6,23,53.03
SUB-01087,2026-03-20T06:00:00Z,6,0,6,23,53.03
SUB-01088,2026-01-27T17:00:00Z,0,4,6,38,43.64
SUB-01088,2026-03-10T17:00:00Z,0,4,6,38,43.64
SUB-01088,2026-03-29T17:00:00Z,5,4,6,38,43.64
SUB-01089,2026-01-19T17:00:00Z,0,2,6,15,40.55
SUB-01089,2026-03-02T17:00:00Z,1,2,6,15,40.55
SUB-01089,2026-03-19T17:00:00Z,2,2,6,15,40.55
SUB-01090,2026-01-30T06:00:00Z,0,0,6,45,48.29
SUB-01090,2026-03-13T06:00:00Z,1,0,6,45,48.29
SUB-01091,2026-01-29T15:00:00Z,0,2,6,40,35.73
SUB-01091,2026-03-12T15:00:00Z,0,2,6,40,35.73
SUB-01092,2026-01-30T04:00:00Z,0,4,6,3,29.89
SUB-01092,2026-03-13T04:00:00Z,0,4,6,3,29.89
SUB-01092,2026-03-27T04:00:00Z,4,4,6,3,29.89
SUB-01093,2026-01-26T17:00:00Z,2,2,6,3,106.64
SUB-01093,2026-03-09T17:00:00Z,3,2,6,3,106.64
SUB-01093,2026-03-15T17:00:00Z,6,2,6,3,106.64
SUB-01094,2026-01-28T19:00:00Z,0,5,6,69,55.24
SUB-01094,2026-03-11T19:00:00Z,1,5,6,69,55.24
SUB-01094,2026-03-17T19:00:00Z,4,5,6,69,55.24
SUB-01095,2026-01-27T16:00:00Z,0,5,6,32,61.42
SUB-01095,2026-03-10T16:00:00Z,1,5,6,32,61.42
SUB-01095,2026-03-27T16:00:00Z,5,5,6,32,61.42
SUB-01096,2026-01-21T22:00:00Z,0,6,6,71,87.37
SUB-01096,2026-03-04T22:00:00Z,0,6,6,71,87.37
SUB-01097,2026-01-22T10:00:00Z,0,4,6,62,51.02
SUB-01097,2026-03-05T10:00:00Z,0,4,6,62,51.02
SUB-01098,2026-01-24T21:00:00Z,1,2,6,49,46.29
SUB-01098,2026-03-07T21:00:00Z,2,2,6,49,46.29
SUB-01099,2026-01-25T08:00:00Z,0,6,6,20,73.36
SUB-01099,2026-03-08T08:00:00Z,0,6,6,20,73.36
SUB-01099,2026-04-02T08:00:00Z,3,6,6,20,73.36
SUB-01100,2026-01-29T14:00:00Z,0,1,6,70,22.09
SUB-01100,2026-03-12T14:00:00Z,0,1,6,70,22.09
SUB-01101,2026-01-24T01:00:00Z,1,2,6,24,59.13
SUB-01101,2026-03-07T01:00:00Z,2,2,6,24,59.13
SUB-01101,2026-03-20T01:00:00Z,4,2,6,24,59.13
SUB-01102,2026-01-23T00:00:00Z,1,5,6,35,70.56
SUB-01102,2026-03-06T00:00:00Z,2,5,6,35,70.56
SUB-01102,2026-03-22T00:00:00Z,6,5,6,35,70.56
SUB-01103,2026-01-17T09:00:00Z,0,2,6,61,49.29
SUB-01103,2026-02-28T09:00:00Z,0,2,6,61,49.29
SUB-01104,2026-01-27T07:00:00Z,0,4,6,13,30.29
SUB-01104,2026-03-10T07:00:00Z,0,4,6,13,30.29
SUB-01104,2026-04-02T07:00:00Z,5,4,6,13,30.29
SUB-01105,2026-01-29T19:00:00Z,0,4,6,48,38.96
SUB-01105,2026-03-12T19:00:00Z,0,4,6,48,38.96
SUB-01105,2026-04-10T19:00:00Z,4,4,6,48,38.96
SUB-01106,2026-01-21T19:00:00Z,0,1,6,42,60.68
SUB-01106,2026-03-04T19:00:00Z,0,1,6,42,60.68
SUB-01107,2026-01-27T04:00:00Z,0,5,6,14,81.12
SUB-01107,2026-03-10T04:00:00Z,1,5,6,14,81.12
SUB-01107,2026-03-21T04:00:00Z,6,5,6,14,81.12
SUB-01108,2026-01-17T04:00:00Z,0,1,6,21,74.45
SUB-01108,2026-02-28T04:00:00Z,0,1,6,21,74.45
SUB-01109,2026-01-24T14:00:00Z,0,3,6,59,38.29
SUB-01109,2026-03-07T14:00:00Z,0,3,6,59,38.29
SUB-01110,2026-01-16T09:00:00Z,0,2,6,23,67.63
SUB-01110,2026-02-27T09:00:00Z,0,2,6,23,67.63
SUB-01110,2026-03-10T09:00:00Z,2,2,6,23,67.63
SUB-01111,2026-01-26T16:00:00Z,0,3,6,5,55.28
SUB-01111,2026-03-09T16:00:00Z,0,3,6,5,55.28
SUB-01111,2026-03-29T16:00:00Z,2,3,6,5,55.28
SUB-01112,2026-01-30T00:00:00Z,0,0,6,35,91.04
SUB-01112,2026-03-13T00:00:00Z,0,0,6,35,91.04
SUB-01113,2026-01-26T10:00:00Z,0,3,6,45,53.82
SUB-01113,2026-03-09T10:00:00Z,0,3,6,45,53.82
SUB-01113,2026-04-02T10:00:00Z,2,3,6,45,53.82
SUB-01114,2026-01-22T01:00:00Z,0,3,6,15,68.85
SUB-01114,2026-03-05T01:00:00Z,0,3,6,15,68.85
SUB-01114,2026-03-13T01:00:00Z,4,3,6,15,68.85
SUB-01115,2026-01-26T21:00:00Z,0,1,6,51,45.95
SUB-01115,2026-03-09T21:00:00Z,1,1,6,51,45.95
SUB-01116,2026-01-16T22:00:00Z,0,2,6,17,69.42
SUB-01116,2026-02-27T22:00:00Z,1,2,6,17,69.42
SUB-01116,2026-03-05T22:00:00Z,5,2,6,17,69.42
SUB-01117,2026-01-25T15:00:00Z,0,3,6,16,52.50
SUB-01117,2026-03-08T15:00:00Z,0,3,6,16,52.50
SUB-01117,2026-03-23T15:00:00Z,2,3,6,16,52.50
SUB-01118,2026-01-26T07:00:00Z,0,8,6,11,32.99
SUB-01118,2026-03-09T07:00:00Z,0,8,6,11,32.99
SUB-01118,2026-03-21T07:00:00Z,4,8,6,11,32.99
SUB-01119,2026-01-20T01:00:00Z,0,2,6,22,65.15
SUB-01119,2026-03-03T01:00:00Z,1,2,6,22,65.15
SUB-01120,2026-01-29T01:00:00Z,0,2,6,66,44.06
SUB-01120,2026-03-12T01:00:00Z,0,2,6,66,44.06
SUB-01120,2026-03-18T01:00:00Z,1,2,6,66,44.06
SUB-01121,2026-01-17T08:00:00Z,0,5,6,15,11.77
SUB-01121,2026-02-28T08:00:00Z,0,5,6,15,11.77
SUB-01121,2026-03-14T08:00:00Z,1,5,6,15,11.77
SUB-01122,2026-01-25T02:00:00Z,0,2,6,47,70.00
SUB-01122,2026-03-08T02:00:00Z,0,2,6,47,70.00
SUB-01123,2026-01-30T01:00:00Z,0,3,6,26,36.79
SUB-01123,2026-03-13T01:00:00Z,0,3,6,26,36.79
SUB-01123,2026-04-03T01:00:00Z,6,3,6,26,36.79
SUB-01124,2026-01-27T10:00:00Z,0,3,6,37,62.25
SUB-01124,2026-03-10T10:00:00Z,0,3,6,37,62.25
SUB-01124,2026-04-04T10:00:00Z,4,3,6,37,62.25
SUB-01125,2026-01-18T14:00:00Z,0,2,6,44,54.80
SUB-01125,2026-03-01T14:00:00Z,0,2,6,44,54.80
SUB-01126,2026-01-26T17:00:00Z,0,1,6,18,64.10
SUB-01126,2026-03-09T17:00:00Z,0,1,6,18,64.10
SUB-01127,2026-01-24T04:00:00Z,0,4,6,56,86.09
SUB-01127,2026-03-07T04:00:00Z,1,4,6,56,86.09
SUB-01128,2026-01-30T00:00:00Z,0,2,6,21,78.04
SUB-01128,2026-03-13T00:00:00Z,0,2,6,21,78.04
SUB-01129,2026-01-22T01:00:00Z,1,1,6,44,64.00
SUB-01129,2026-03-05T01:00:00Z,2,1,6,44,64.00
SUB-01129,2026-03-25T01:00:00Z,3,1,6,44,64.00
SUB-01130,2026-01-24T14:00:00Z,0,5,6,51,52.15
SUB-01130,2026-03-07T14:00:00Z,1,5,6,51,52.15
SUB-01130,2026-03-31T14:00:00Z,7,5,6,51,52.15
SUB-01131,2026-01-23T22:00:00Z,0,2,6,55,55.69
SUB-01131,2026-03-06T22:00:00Z,0,2,6,55,55.69
SUB-01132,2026-01-27T09:00:00Z,0,2,6,67,60.45
SUB-01132,2026-03-10T09:00:00Z,1,2,6,67,60.45
SUB-01133,2026-01-21T00:00:00Z,0,3,6,1,71.74
SUB-01133,2026-03-04T00:00:00Z,0,3,6,1,71.74
SUB-01133,2026-03-21T00:00:00Z,5,3,6,1,71.74
SUB-01134,2026-01-27T23:00:00Z,0,0,6,46,48.11
SUB-01134,2026-03-10T23:00:00Z,1,0,6,46,48.11
SUB-01135,2026-01-17T03:00:00Z,0,1,6,27,42.85
SUB-01135,2026-02-28T03:00:00Z,0,1,6,27,42.85
SUB-01135,2026-03-29T03:00:00Z,5,1,6,27,42.85
SUB-01136,2026-01-27T06:00:00Z,0,2,6,35,53.72
SUB-01136,2026-03-10T06:00:00Z,0,2,6,35,53.72
SUB-01136,2026-04-08T06:00:00Z,5,2,6,35,53.72
SUB-01137,2026-01-22T10:00:00Z,1,0,6,15,51.62
SUB-01137,2026-03-05T10:00:00Z,2,0,6,15,51.62
SUB-01137,2026-04-02T10:00:00Z,4,0,6,15,51.62
SUB-01138,2026-01-26T14:00:00Z,0,1,6,58,37.74
SUB-01138,2026-03-09T14:00:00Z,0,1,6,58,37.74
SUB-01139,2026-01-24T23:00:00Z,0,0,6,7,58.58
SUB-01139,2026-03-07T23:00:00Z,1,0,6,7,58.58
SUB-01140,2026-01-20T22:00:00Z,0,0,6,38,30.83
SUB-01140,2026-03-03T22:00:00Z,0,0,6,38,30.83
SUB-01141,2026-01-21T19:00:00Z,0,0,6,9,51.08
SUB-01141,2026-03-04T19:00:00Z,0,0,6,9,51.08
SUB-01141,2026-03-30T19:00:00Z,1,0,6,9,51.08
SUB-01142,2026-01-19T15:00:00Z,0,4,6,63,42.45
SUB-01142,2026-03-02T15:00:00Z,1,4,6,63,42.45
SUB-01142,2026-03-08T15:00:00Z,3,4,6,63,42.45
SUB-01143,2026-01-21T15:00:00Z,0,2,6,44,81.43
SUB-01143,2026-03-04T15:00:00Z,1,2,6,44,81.43
SUB-01144,2026-01-26T00:00:00Z,1,3,6,15,64.10
SUB-01144,2026-03-09T00:00:00Z,2,3,6,15,64.10
SUB-01144,2026-04-05T00:00:00Z,4,3,6,15,64.10
SUB-01145,2026-01-18T07:00:00Z,0,3,6,62,13.10
SUB-01145,2026-03-01T07:00:00Z,0,3,6,62,13.10
SUB-01145,2026-03-12T07:00:00Z,7,3,6,62,13.10
SUB-01146,2026-01-23T04:00:00Z,0,0,6,53,63.55
SUB-01146,2026-03-06T04:00:00Z,0,0,6,53,63.55
SUB-01147,2026-01-29T06:00:00Z,0,4,6,2,36.80
SUB-01147,2026-03-12T06:00:00Z,0,4,6,2,36.80
SUB-01147,2026-03-19T06:00:00Z,4,4,6,2,36.80
SUB-01148,2026-01-28T05:00:00Z,0,0,6,28,66.31
SUB-01148,2026-03-11T05:00:00Z,0,0,6,28,66.31
SUB-01149,2026-01-26T03:00:00Z,0,1,6,23,38.01
SUB-01149,2026-03-09T03:00:00Z,1,1,6,23,38.01
SUB-01150,2026-01-25T22:00:00Z,0,6,6,67,47.16
SUB-01150,2026-03-08T22:00:00Z,1,6,6,67,47.16
SUB-01150,2026-03-23T22:00:00Z,4,6,6,67,47.16
SUB-01151,2026-01-22T01:00:00Z,0,1,6,1,70.48
SUB-01151,2026-03-05T01:00:00Z,0,1,6,1,70.48
SUB-01151,2026-03-25T01:00:00Z,4,1,6,1,70.48
SUB-01152,2026-01-20T04:00:00Z,0,2,6,42,39.48
SUB-01152,2026-03-03T04:00:00Z,1,2,6,42,39.48
SUB-01153,2026-01-18T06:00:00Z,0,2,6,18,51.17
SUB-01153,2026-03-01T06:00:00Z,0,2,6,18,51.17
SUB-01153,2026-03-27T06:00:00Z,1,2,6,18,51.17
SUB-01154,2026-01-28T23:00:00Z,0,4,6,64,46.03
SUB-01154,2026-03-11T23:00:00Z,0,4,6,64,46.03
SUB-01155,2026-01-20T12:00:00Z,0,2,6,3,72.46
SUB-01155,2026-03-03T12:00:00Z,0,2,6,3,72.46
SUB-01155,2026-04-01T12:00:00Z,2,2,6,3,72.46
SUB-01156,2026-01-29T02:00:00Z,0,2,6,9,51.64
SUB-01156,2026-03-12T02:00:00Z,1,2,6,9,51.64
SUB-01156,2026-04-10T02:00:00Z,7,2,6,9,51.64
SUB-01157,2026-01-30T04:00:00Z,0,1,6,53,36.71
SUB-01157,2026-03-13T04:00:00Z,0,1,6,53,36.71
SUB-01158,2026-01-21T15:00:00Z,0,3,6,27,72.10
SUB-01158,2026-03-04T15:00:00Z,0,3,6,27,72.10
SUB-01158,2026-03-09T15:00:00Z,4,3,6,27,72.10
SUB-01159,2026-01-19T15:00:00Z,0,3,6,8,75.82
SUB-01159,2026-03-02T15:00:00Z,0,3,6,8,75.82
SUB-01159,2026-03-11T15:00:00Z,4,3,6,8,75.82
SUB-01160,2026-01-29T00:00:00Z,0,0,6,23,59.93
SUB-01160,2026-03-12T00:00:00Z,0,0,6,23,59.93
SUB-01161,2026-01-21T12:00:00Z,0,1,6,45,52.98
SUB-01161,2026-03-04T12:00:00Z,0,1,6,45,52.98
SUB-01162,2026-01-18T23:00:00Z,0,3,6,31,32.23
SUB-01162,2026-03-01T23:00:00Z,0,3,6,31,32.23
SUB-01162,2026-03-15T23:00:00Z,3,3,6,31,32.23
SUB-01163,2026-01-29T00:00:00Z,0,2,6,32,77.16
SUB-01163,2026-03-12T00:00:00Z,0,2,6,32,77.16
SUB-01164,2026-01-19T10:00:00Z,0,2,6,71,35.93
SUB-01164,2026-03-02T10:00:00Z,1,2,6,71,35.93
SUB-01165,2026-01-20T06:00:00Z,0,0,6,47,47.30
SUB-01165,2026-03-03T06:00:00Z,0,0,6,47,47.30
SUB-01166,2026-01-22T20:00:00Z,0,1,6,46,76.53
SUB-01166,2026-03-05T20:00:00Z,1,1,6,46,76.53
SUB-01167,2026-01-18T20:00:00Z,0,2,6,28,41.45
SUB-01167,2026-03-01T20:00:00Z,0,2,6,28,41.45
SUB-01167,2026-03-29T20:00:00Z,3,2,6,28,41.45
SUB-01168,2026-01-23T22:00:00Z,0,2,6,12,49.02
SUB-01168,2026-03-06T22:00:00Z,0,2,6,12,49.02
SUB-01168,2026-03-20T22:00:00Z,2,2,6,12,49.02
SUB-01169,2026-01-24T02:00:00Z,0,4,6,66,15.88
SUB-01169,2026-03-07T02:00:00Z,1,4,6,66,15.88
SUB-01169,2026-03-15T02:00:00Z,4,4,6,66,15.88
SUB-01170,2026-01-24T17:00:00Z,0,2,6,15,80.72
SUB-01170,2026-03-07T17:00:00Z,0,2,6,15,80.72
SUB-01171,2026-01-26T02:00:00Z,0,2,6,24,70.83
SUB-01171,2026-03-09T02:00:00Z,0,2,6,24,70.83
SUB-01171,2026-04-01T02:00:00Z,3,2,6,24,70.83
SUB-01172,2026-01-20T12:00:00Z,0,1,6,43,66.67
SUB-01172,2026-03-03T12:00:00Z,0,1,6,43,66.67
SUB-01173,2026-01-17T01:00:00Z,0,2,6,23,73.84
SUB-01173,2026-02-28T01:00:00Z,1,2,6,23,73.84
SUB-01173,2026-03-23T01:00:00Z,6,2,6,23,73.84
SUB-01174,2026-01-25T09:00:00Z,0,3,6,48,75.21
SUB-01174,2026-03-08T09:00:00Z,0,3,6,48,75.21
SUB-01175,2026-01-27T13:00:00Z,0,1,6,18,39.72
SUB-01175,2026-03-10T13:00:00Z,0,1,6,18,39.72
SUB-01175,2026-03-31T13:00:00Z,3,1,6,18,39.72
SUB-01176,2026-01-20T19:00:00Z,0,1,6,28,84.75
SUB-01176,2026-03-03T19:00:00Z,0,1,6,28,84.75
SUB-01177,2026-01-17T16:00:00Z,1,5,6,40,84.34
SUB-01177,2026-02-28T16:00:00Z,2,5,6,40,84.34
SUB-01177,2026-03-19T16:00:00Z,5,5,6,40,84.34
SUB-01178,2026-01-19T04:00:00Z,0,3,6,60,31.06
SUB-01178,2026-03-02T04:00:00Z,0,3,6,60,31.06
SUB-01179,2026-01-26T23:00:00Z,0,4,6,14,54.91
SUB-01179,2026-03-09T23:00:00Z,1,4,6,14,54.91
SUB-01179,2026-03-14T23:00:00Z,5,4,6,14,54.91
SUB-01180,2026-01-19T16:00:00Z,0,3,6,32,66.16
SUB-01180,2026-03-02T16:00:00Z,0,3,6,32,66.16
SUB-01180,2026-03-11T16:00:00Z,5,3,6,32,66.16
SUB-01181,2026-01-29T10:00:00Z,0,5,6,31,48.19
SUB-01181,2026-03-12T10:00:00Z,0,5,6,31,48.19
SUB-01181,2026-03-20T10:00:00Z,6,5,6,31,48.19
SUB-01182,2026-01-23T03:00:00Z,0,1,6,66,60.91
SUB-01182,2026-03-06T03:00:00Z,0,1,6,66,60.91
SUB-01183,2026-01-20T22:00:00Z,2,2,6,69,54.11
SUB-01183,2026-03-03T22:00:00Z,3,2,6,69,54.11
SUB-01184,2026-01-26T22:00:00Z,1,0,6,30,48.20
SUB-01184,2026-03-09T22:00:00Z,2,0,6,30,48.20
SUB-01184,2026-03-22T22:00:00Z,6,0,6,30,48.20
SUB-01185,2026-01-24T18:00:00Z,1,2,6,10,54.67
SUB-01185,2026-03-07T18:00:00Z,2,2,6,10,54.67
SUB-01185,2026-03-29T18:00:00Z,8,2,6,10,54.67
SUB-01186,2026-01-19T09:00:00Z,1,1,6,3,124.25
SUB-01186,2026-03-02T09:00:00Z,2,1,6,3,124.25
SUB-01187,2026-01-27T05:00:00Z,0,5,6,17,81.37
SUB-01187,2026-03-10T05:00:00Z,0,5,6,17,81.37
SUB-01187,2026-03-28T05:00:00Z,2,5,6,17,81.37
SUB-01188,2026-01-26T19:00:00Z,0,5,6,31,90.55
SUB-01188,2026-03-09T19:00:00Z,0,5,6,31,90.55
SUB-01188,2026-03-17T19:00:00Z,7,5,6,31,90.55
SUB-01189,2026-01-25T20:00:00Z,0,2,6,48,71.81
SUB-01189,2026-03-08T20:00:00Z,0,2,6,48,71.81
SUB-01190,2026-01-28T02:00:00Z,0,3,6,24,38.27
SUB-01190,2026-03-11T02:00:00Z,0,3,6,24,38.27
SUB-01190,2026-03-27T02:00:00Z,5,3,6,24,38.27
SUB-01191,2026-01-19T22:00:00Z,0,1,6,5,70.26
SUB-01191,2026-03-02T22:00:00Z,0,1,6,5,70.26
SUB-01191,2026-03-21T22:00:00Z,4,1,6,5,70.26
SUB-01192,2026-01-26T18:00:00Z,0,2,6,2,32.39
SUB-01192,2026-03-09T18:00:00Z,0,2,6,2,32.39
SUB-01192,2026-03-24T18:00:00Z,4,2,6,2,32.39
SUB-01193,2026-01-29T17:00:00Z,0,2,6,42,50.33
SUB-01193,2026-03-12T17:00:00Z,0,2,6,42,50.33
SUB-01194,2026-01-17T06:00:00Z,0,4,6,27,50.43
SUB-01194,2026-02-28T06:00:00Z,0,4,6,27,50.43
SUB-01194,2026-03-10T06:00:00Z,2,4,6,27,50.43
SUB-01195,2026-01-29T09:00:00Z,0,3,6,18,53.35
SUB-01195,2026-03-12T09:00:00Z,0,3,6,18,53.35
SUB-01195,2026-03-18T09:00:00Z,5,3,6,18,53.35
SUB-01196,2026-01-18T23:00:00Z,0,0,6,37,34.83
SUB-01196,2026-03-01T23:00:00Z,0,0,6,37,34.83
SUB-01197,2026-01-16T11:00:00Z,0,1,6,16,58.85
SUB-01197,2026-02-27T11:00:00Z,0,1,6,16,58.85
SUB-01197,2026-03-27T11:00:00Z,2,1,6,16,58.85
SUB-01198,2026-01-24T15:00:00Z,0,3,6,53,65.40
SUB-01198,2026-03-07T15:00:00Z,1,3,6,53,65.40
SUB-01199,2026-01-17T20:00:00Z,0,0,6,35,44.31
SUB-01199,2026-02-28T20:00:00Z,0,0,6,35,44.31
