subscriber,recorded_at,plan_changes_to_date
SUB-00000,2026-01-28T01:00:00Z,0
SUB-00000,2026-03-11T01:00:00Z,0
SUB-00001,2026-01-17T18:00:00Z,0
SUB-00001,2026-02-28T18:00:00Z,0
SUB-00002,2026-01-22T06:00:00Z,0
SUB-00002,2026-03-05T06:00:00Z,0
SUB-00003,2026-01-25T14:00:00Z,0
SUB-00003,2026-03-08T14:00:00Z,1
SUB-00003,2026-03-19T14:00:00Z,2
SUB-00004,2026-01-29T22:00:00Z,0
SUB-00004,2026-03-12T22:00:00Z,0
SUB-00004,2026-03-31T22:00:00Z,4
SUB-00005,2026-01-19T15:00:00Z,0
SUB-00005,2026-03-02T15:00:00Z,0
SUB-00006,2026-01-28T14:00:00Z,0
SUB-00006,2026-03-11T14:00:00Z,0
SUB-00006,2026-03-20T14:00:00Z,3
SUB-00007,2026-01-23T19:00:00Z,0
SUB-00007,2026-03-06T19:00:00Z,1
SUB-00007,2026-03-20T19:00:00Z,4
SUB-00008,2026-01-25T15:00:00Z,0
SUB-00008,2026-03-08T15:00:00Z,0
SUB-00008,2026-04-01T15:00:00Z,4
SUB-00009,2026-01-24T11:00:00Z,0
SUB-00009,2026-03-07T11:00:00Z,1
SUB-00010,2026-01-25T11:00:00Z,0
SUB-00010,2026-03-08T11:00:00Z,0
SUB-00010,2026-04-01T11:00:00Z,3
SUB-00011,2026-01-23T09:00:00Z,0
SUB-00011,2026-03-06T09:00:00Z,0
SUB-00011,2026-03-27T09:00:00Z,3
SUB-00012,2026-01-18T11:00:00Z,0
SUB-00012,2026-03-01T11:00:00Z,0
SUB-00013,2026-01-25T00:00:00Z,0
SUB-00013,2026-03-08T00:00:00Z,0
SUB-00013,2026-03-27T00:00:00Z,7
SUB-00014,2026-01-18T06:00:00Z,0
SUB-00014,2026-03-01T06:00:00Z,1
SUB-00014,2026-03-17T06:00:00Z,4
SUB-00015,2026-01-28T11:00:00Z,0
SUB-00015,2026-03-11T11:00:00Z,0
SUB-00016,2026-01-24T16:00:00Z,0
SUB-00016,2026-03-07T16:00:00Z,1
SUB-00016,2026-03-25T16:00:00Z,3
SUB-00017,2026-01-28T00:00:00Z,0
SUB-00017,2026-03-11T00:00:00Z,1
SUB-00017,2026-03-31T00:00:00Z,3
SUB-00018,2026-01-24T11:00:00Z,0
SUB-00018,2026-03-07T11:00:00Z,1
SUB-00018,2026-03-13T11:00:00Z,3
SUB-00019,2026-01-18T08:00:00Z,0
SUB-00019,2026-03-01T08:00:00Z,0
SUB-00019,2026-03-18T08:00:00Z,5
SUB-00020,2026-01-17T17:00:00Z,0
SUB-00020,2026-02-28T17:00:00Z,0
SUB-00020,2026-03-18T17:00:00Z,5
SUB-00021,2026-01-22T09:00:00Z,0
SUB-00021,2026-03-05T09:00:00Z,1
SUB-00022,2026-01-29T08:00:00Z,0
SUB-00022,2026-03-12T08:00:00Z,0
SUB-00022,2026-03-30T08:00:00Z,2
SUB-00023,2026-01-28T19:00:00Z,0
SUB-00023,2026-03-11T19:00:00Z,0
SUB-00023,2026-03-18T19:00:00Z,5
SUB-00024,2026-01-24T12:00:00Z,0
SUB-00024,2026-03-07T12:00:00Z,0
SUB-00025,2026-01-25T22:00:00Z,0
SUB-00025,2026-03-08T22:00:00Z,0
SUB-00026,2026-01-16T10:00:00Z,0
SUB-00026,2026-02-27T10:00:00Z,0
SUB-00027,2026-01-29T20:00:00Z,0
SUB-00027,2026-03-12T20:00:00Z,0
SUB-00028,2026-01-26T18:00:00Z,0
SUB-00028,2026-03-09T18:00:00Z,1
SUB-00028,2026-03-20T18:00:00Z,4
SUB-00029,2026-01-27T12:00:00Z,0
SUB-00029,2026-03-10T12:00:00Z,0
SUB-00029,2026-04-07T12:00:00Z,4
SUB-00030,2026-01-24T12:00:00Z,0
SUB-00030,2026-03-07T12:00:00Z,0
SUB-00031,2026-01-23T08:00:00Z,0
SUB-00031,2026-03-06T08:00:00Z,0
SUB-00032,2026-01-25T00:00:00Z,0
SUB-00032,2026-03-08T00:00:00Z,0
SUB-00032,2026-03-22T00:00:00Z,3
SUB-00033,2026-01-22T23:00:00Z,0
SUB-00033,2026-03-05T23:00:00Z,0
SUB-00033,2026-03-19T23:00:00Z,1
SUB-00034,2026-01-30T04:00:00Z,0
SUB-00034,2026-03-13T04:00:00Z,0
SUB-00034,2026-03-27T04:00:00Z,7
SUB-00035,2026-01-21T16:00:00Z,0
SUB-00035,2026-03-04T16:00:00Z,1
SUB-00035,2026-03-25T16:00:00Z,4
SUB-00036,2026-01-22T17:00:00Z,0
SUB-00036,2026-03-05T17:00:00Z,0
SUB-00036,2026-03-29T17:00:00Z,3
SUB-00037,2026-01-16T17:00:00Z,0
SUB-00037,2026-02-27T17:00:00Z,0
SUB-00037,2026-03-09T17:00:00Z,4
SUB-00038,2026-01-19T21:00:00Z,0
SUB-00038,2026-03-02T21:00:00Z,0
SUB-00039,2026-01-21T18:00:00Z,0
SUB-00039,2026-03-04T18:00:00Z,1
SUB-00040,2026-01-22T21:00:00Z,0
SUB-00040,2026-03-05T21:00:00Z,0
SUB-00040,2026-03-14T21:00:00Z,4
SUB-00041,2026-01-24T07:00:00Z,0
SUB-00041,2026-03-07T07:00:00Z,0
SUB-00041,2026-03-29T07:00:00Z,2
SUB-00042,2026-01-23T18:00:00Z,0
SUB-00042,2026-03-06T18:00:00Z,1
SUB-00042,2026-03-18T18:00:00Z,6
SUB-00043,2026-01-27T21:00:00Z,0
SUB-00043,2026-03-10T21:00:00Z,0
SUB-00043,2026-03-30T21:00:00Z,5
SUB-00044,2026-01-19T20:00:00Z,0
SUB-00044,2026-03-02T20:00:00Z,1
SUB-00045,2026-01-18T04:00:00Z,0
SUB-00045,2026-03-01T04:00:00Z,0
SUB-00045,2026-03-22T04:00:00Z,5
SUB-00046,2026-01-18T22:00:00Z,0
SUB-00046,2026-03-01T22:00:00Z,0
SUB-00046,2026-03-24T22:00:00Z,4
SUB-00047,2026-01-26T10:00:00Z,0
SUB-00047,2026-03-09T10:00:00Z,0
SUB-00047,2026-04-03T10:00:00Z,4
SUB-00048,2026-01-29T04:00:00Z,1
SUB-00048,2026-03-12T04:00:00Z,2
SUB-00049,2026-01-23T11:00:00Z,0
SUB-00049,2026-03-06T11:00:00Z,0
SUB-00049,2026-03-24T11:00:00Z,7
SUB-00050,2026-01-16T17:00:00Z,0
SUB-00050,2026-02-27T17:00:00Z,0
SUB-00051,2026-01-17T20:00:00Z,0
SUB-00051,2026-02-28T20:00:00Z,0
SUB-00052,2026-01-17T05:00:00Z,0
SUB-00052,2026-02-28T05:00:00Z,0
SUB-00052,2026-03-14T05:00:00Z,4
SUB-00053,2026-01-23T21:00:00Z,0
SUB-00053,2026-03-06T21:00:00Z,0
SUB-00053,2026-03-16T21:00:00Z,6
SUB-00054,2026-01-23T23:00:00Z,0
SUB-00054,2026-03-06T23:00:00Z,0
SUB-00054,2026-03-31T23:00:00Z,4
SUB-00055,2026-01-21T18:00:00Z,0
SUB-00055,2026-03-04T18:00:00Z,0
SUB-00056,2026-01-26T06:00:00Z,0
SUB-00056,2026-03-09T06:00:00Z,1
SUB-00056,2026-04-06T06:00:00Z,2
SUB-00057,2026-01-20T06:00:00Z,2
SUB-00057,2026-03-03T06:00:00Z,3
SUB-00057,2026-03-23T06:00:00Z,7
SUB-00058,2026-01-25T04:00:00Z,0
SUB-00058,2026-03-08T04:00:00Z,0
SUB-00059,2026-01-26T06:00:00Z,0
SUB-00059,2026-03-09T06:00:00Z,1
SUB-00060,2026-01-23T16:00:00Z,0
SUB-00060,2026-03-06T16:00:00Z,0
SUB-00061,2026-01-28T21:00:00Z,0
SUB-00061,2026-03-11T21:00:00Z,0
SUB-00062,2026-01-16T12:00:00Z,0
SUB-00062,2026-02-27T12:00:00Z,1
SUB-00062,2026-03-17T12:00:00Z,3
SUB-00063,2026-01-26T07:00:00Z,0
SUB-00063,2026-03-09T07:00:00Z,0
SUB-00063,2026-03-24T07:00:00Z,2
SUB-00064,2026-01-26T02:00:00Z,0
SUB-00064,2026-03-09T02:00:00Z,0
SUB-00065,2026-01-24T20:00:00Z,0
SUB-00065,2026-03-07T20:00:00Z,1
SUB-00066,2026-01-18T01:00:00Z,0
SUB-00066,2026-03-01T01:00:00Z,0
SUB-00066,2026-03-26T01:00:00Z,1
SUB-00067,2026-01-22T12:00:00Z,1
SUB-00067,2026-03-05T12:00:00Z,2
SUB-00068,2026-01-17T11:00:00Z,0
SUB-00068,2026-02-28T11:00:00Z,0
SUB-00068,2026-03-18T11:00:00Z,2
SUB-00069,2026-01-22T12:00:00Z,0
SUB-00069,2026-03-05T12:00:00Z,1
SUB-00069,2026-03-24T12:00:00Z,7
SUB-00070,2026-01-24T10:00:00Z,0
SUB-00070,2026-03-07T10:00:00Z,0
SUB-00070,2026-04-02T10:00:00Z,2
SUB-00071,2026-01-21T23:00:00Z,0
SUB-00071,2026-03-04T23:00:00Z,1
SUB-00072,2026-01-16T09:00:00Z,1
SUB-00072,2026-02-27T09:00:00Z,2
SUB-00072,2026-03-21T09:00:00Z,3
SUB-00073,2026-01-25T02:00:00Z,0
SUB-00073,2026-03-08T02:00:00Z,0
SUB-00074,2026-01-29T22:00:00Z,0
SUB-00074,2026-03-12T22:00:00Z,0
SUB-00075,2026-01-21T21:00:00Z,0
SUB-00075,2026-03-04T21:00:00Z,0
SUB-00075,2026-03-25T21:00:00Z,6
SUB-00076,2026-01-24T08:00:00Z,0
SUB-00076,2026-03-07T08:00:00Z,0
SUB-00076,2026-03-18T08:00:00Z,3
SUB-00077,2026-01-25T02:00:00Z,0
SUB-00077,2026-03-08T02:00:00Z,0
SUB-00077,2026-03-18T02:00:00Z,2
SUB-00078,2026-01-20T08:00:00Z,0
SUB-00078,2026-03-03T08:00:00Z,0
SUB-00079,2026-01-23T12:00:00Z,0
SUB-00079,2026-03-06T12:00:00Z,0
SUB-00079,2026-03-14T12:00:00Z,4
SUB-00080,2026-01-16T21:00:00Z,0
SUB-00080,2026-02-27T21:00:00Z,0
SUB-00081,2026-01-24T09:00:00Z,0
SUB-00081,2026-03-07T09:00:00Z,0
SUB-00081,2026-03-29T09:00:00Z,4
SUB-00082,2026-01-20T13:00:00Z,0
SUB-00082,2026-03-03T13:00:00Z,0
SUB-00083,2026-01-19T08:00:00Z,0
SUB-00083,2026-03-02T08:00:00Z,0
SUB-00083,2026-03-19T08:00:00Z,5
SUB-00084,2026-01-29T08:00:00Z,0
SUB-00084,2026-03-12T08:00:00Z,0
SUB-00084,2026-03-23T08:00:00Z,3
SUB-00085,2026-01-17T11:00:00Z,0
SUB-00085,2026-02-28T11:00:00Z,0
SUB-00085,2026-03-26T11:00:00Z,3
SUB-00086,2026-01-26T16:00:00Z,0
SUB-00086,2026-03-09T16:00:00Z,0
SUB-00086,2026-03-26T16:00:00Z,2
SUB-00087,2026-01-20T06:00:00Z,0
SUB-00087,2026-03-03T06:00:00Z,0
SUB-00088,2026-01-21T14:00:00Z,0
SUB-00088,2026-03-04T14:00:00Z,0
SUB-00089,2026-01-22T05:00:00Z,0
SUB-00089,2026-03-05T05:00:00Z,0
SUB-00090,2026-01-27T16:00:00Z,0
SUB-00090,2026-03-10T16:00:00Z,0
SUB-00090,2026-03-17T16:00:00Z,3
SUB-00091,2026-01-19T11:00:00Z,0
SUB-00091,2026-03-02T11:00:00Z,0
SUB-00091,2026-03-30T11:00:00Z,4
SUB-00092,2026-01-25T07:00:00Z,0
SUB-00092,2026-03-08T07:00:00Z,0
SUB-00093,2026-01-28T16:00:00Z,0
SUB-00093,2026-03-11T16:00:00Z,0
SUB-00094,2026-01-18T12:00:00Z,0
SUB-00094,2026-03-01T12:00:00Z,1
SUB-00095,2026-01-19T16:00:00Z,0
SUB-00095,2026-03-02T16:00:00Z,0
SUB-00096,2026-01-30T06:00:00Z,0
SUB-00096,2026-03-13T06:00:00Z,0
SUB-00096,2026-03-18T06:00:00Z,6
SUB-00097,2026-01-25T22:00:00Z,0
SUB-00097,2026-03-08T22:00:00Z,0
SUB-00098,2026-01-24T02:00:00Z,0
SUB-00098,2026-03-07T02:00:00Z,1
SUB-00099,2026-01-26T12:00:00Z,0
SUB-00099,2026-03-09T12:00:00Z,0
SUB-00099,2026-03-16T12:00:00Z,5
SUB-00100,2026-01-17T04:00:00Z,0
SUB-00100,2026-02-28T04:00:00Z,0
SUB-00100,2026-03-17T04:00:00Z,5
SUB-00101,2026-01-28T00:00:00Z,0
SUB-00101,2026-03-11T00:00:00Z,0
SUB-00102,2026-01-22T16:00:00Z,0
SUB-00102,2026-03-05T16:00:00Z,1
SUB-00102,2026-04-02T16:00:00Z,4
SUB-00103,2026-01-19T09:00:00Z,0
SUB-00103,2026-03-02T09:00:00Z,0
SUB-00103,2026-03-22T09:00:00Z,5
SUB-00104,2026-01-18T10:00:00Z,0
SUB-00104,2026-03-01T10:00:00Z,0
SUB-00104,2026-03-07T10:00:00Z,4
SUB-00105,2026-01-22T13:00:00Z,0
SUB-00105,2026-03-05T13:00:00Z,0
SUB-00105,2026-03-10T13:00:00Z,4
SUB-00106,2026-01-20T23:00:00Z,0
SUB-00106,2026-03-03T23:00:00Z,0
SUB-00107,2026-01-29T09:00:00Z,0
SUB-00107,2026-03-12T09:00:00Z,0
SUB-00107,2026-03-21T09:00:00Z,3
SUB-00108,2026-01-29T14:00:00Z,1
SUB-00108,2026-03-12T14:00:00Z,2
SUB-00109,2026-01-17T10:00:00Z,0
SUB-00109,2026-02-28T10:00:00Z,0
SUB-00110,2026-01-21T06:00:00Z,0
SUB-00110,2026-03-04T06:00:00Z,0
SUB-00111,2026-01-28T18:00:00Z,0
SUB-00111,2026-03-11T18:00:00Z,0
SUB-00112,2026-01-29T03:00:00Z,0
SUB-00112,2026-03-12T03:00:00Z,0
SUB-00112,2026-04-06T03:00:00Z,1
SUB-00113,2026-01-24T03:00:00Z,0
SUB-00113,2026-03-07T03:00:00Z,0
SUB-00114,2026-01-19T07:00:00Z,0
SUB-00114,2026-03-02T07:00:00Z,0
SUB-00114,2026-03-10T07:00:00Z,5
SUB-00115,2026-01-16T15:00:00Z,0
SUB-00115,2026-02-27T15:00:00Z,0
SUB-00115,2026-03-28T15:00:00Z,3
SUB-00116,2026-01-21T05:00:00Z,0
SUB-00116,2026-03-04T05:00:00Z,0
SUB-00116,2026-03-17T05:00:00Z,1
SUB-00117,2026-01-24T21:00:00Z,0
SUB-00117,2026-03-07T21:00:00Z,0
SUB-00117,2026-03-15T21:00:00Z,1
SUB-00118,2026-01-27T15:00:00Z,0
SUB-00118,2026-03-10T15:00:00Z,0
SUB-00118,2026-04-07T15:00:00Z,3
SUB-00119,2026-01-24T23:00:00Z,0
SUB-00119,2026-03-07T23:00:00Z,1
SUB-00120,2026-01-29T13:00:00Z,0
SUB-00120,2026-03-12T13:00:00Z,0
SUB-00121,2026-01-19T05:00:00Z,0
SUB-00121,2026-03-02T05:00:00Z,1
SUB-00121,2026-03-24T05:00:00Z,4
SUB-00122,2026-01-21T12:00:00Z,0
SUB-00122,2026-03-04T12:00:00Z,1
SUB-00122,2026-03-28T12:00:00Z,6
SUB-00123,2026-01-28T22:00:00Z,0
SUB-00123,2026-03-11T22:00:00Z,0
SUB-00123,2026-03-19T22:00:00Z,2
SUB-00124,2026-01-27T11:00:00Z,1
SUB-00124,2026-03-10T11:00:00Z,2
SUB-00124,2026-03-16T11:00:00Z,4
SUB-00125,2026-01-17T23:00:00Z,0
SUB-00125,2026-02-28T23:00:00Z,1
SUB-00126,2026-01-26T10:00:00Z,0
SUB-00126,2026-03-09T10:00:00Z,0
SUB-00127,2026-01-27T08:00:00Z,0
SUB-00127,2026-03-10T08:00:00Z,1
SUB-00128,2026-01-25T21:00:00Z,0
SUB-00128,2026-03-08T21:00:00Z,1
SUB-00128,2026-03-14T21:00:00Z,4
SUB-00129,2026-01-26T22:00:00Z,0
SUB-00129,2026-03-09T22:00:00Z,0
SUB-00129,2026-03-30T22:00:00Z,2
SUB-00130,2026-01-24T06:00:00Z,0
SUB-00130,2026-03-07T06:00:00Z,0
SUB-00131,2026-01-19T19:00:00Z,0
SUB-00131,2026-03-02T19:00:00Z,0
SUB-00131,2026-03-26T19:00:00Z,1
SUB-00132,2026-01-28T17:00:00Z,0
SUB-00132,2026-03-11T17:00:00Z,0
SUB-00132,2026-03-31T17:00:00Z,2
SUB-00133,2026-01-21T10:00:00Z,0
SUB-00133,2026-03-04T10:00:00Z,0
SUB-00133,2026-03-17T10:00:00Z,4
SUB-00134,2026-01-16T23:00:00Z,0
SUB-00134,2026-02-27T23:00:00Z,0
SUB-00134,2026-03-19T23:00:00Z,3
SUB-00135,2026-01-27T15:00:00Z,1
SUB-00135,2026-03-10T15:00:00Z,2
SUB-00135,2026-03-23T15:00:00Z,8
SUB-00136,2026-01-17T20:00:00Z,0
SUB-00136,2026-02-28T20:00:00Z,1
SUB-00136,2026-03-22T20:00:00Z,5
SUB-00137,2026-01-21T08:00:00Z,0
SUB-00137,2026-03-04T08:00:00Z,0
SUB-00137,2026-03-27T08:00:00Z,5
SUB-00138,2026-01-19T03:00:00Z,0
SUB-00138,2026-03-02T03:00:00Z,0
SUB-00139,2026-01-17T23:00:00Z,0
SUB-00139,2026-02-28T23:00:00Z,0
SUB-00140,2026-01-16T17:00:00Z,0
SUB-00140,2026-02-27T17:00:00Z,0
SUB-00140,2026-03-14T17:00:00Z,5
SUB-00141,2026-01-24T05:00:00Z,0
SUB-00141,2026-03-07T05:00:00Z,0
SUB-00141,2026-03-26T05:00:00Z,1
SUB-00142,2026-01-22T07:00:00Z,0
SUB-00142,2026-03-05T07:00:00Z,1
SUB-00143,2026-01-19T20:00:00Z,2
SUB-00143,2026-03-02T20:00:00Z,3
SUB-00144,2026-01-24T10:00:00Z,0
SUB-00144,2026-03-07T10:00:00Z,1
SUB-00144,2026-03-13T10:00:00Z,3
SUB-00145,2026-01-24T08:00:00Z,0
SUB-00145,2026-03-07T08:00:00Z,0
SUB-00145,2026-03-29T08:00:00Z,4
SUB-00146,2026-01-19T21:00:00Z,0
SUB-00146,2026-03-02T21:00:00Z,0
SUB-00146,2026-03-21T21:00:00Z,6
SUB-00147,2026-01-28T17:00:00Z,0
SUB-00147,2026-03-11T17:00:00Z,0
SUB-00147,2026-04-03T17:00:00Z,2
SUB-00148,2026-01-17T16:00:00Z,0
SUB-00148,2026-02-28T16:00:00Z,0
SUB-00148,2026-03-27T16:00:00Z,7
SUB-00149,2026-01-18T17:00:00Z,0
SUB-00149,2026-03-01T17:00:00Z,0
SUB-00149,2026-03-16T17:00:00Z,1
SUB-00150,2026-01-25T04:00:00Z,0
SUB-00150,2026-03-08T04:00:00Z,0
SUB-00150,2026-03-17T04:00:00Z,2
SUB-00151,2026-01-28T19:00:00Z,0
SUB-00151,2026-03-11T19:00:00Z,1
SUB-00152,2026-01-21T01:00:00Z,0
SUB-00152,2026-03-04T01:00:00Z,0
SUB-00152,2026-03-31T01:00:00Z,4
SUB-00153,2026-01-19T01:00:00Z,1
SUB-00153,2026-03-02T01:00:00Z,2
SUB-00153,2026-03-09T01:00:00Z,5
SUB-00154,2026-01-22T14:00:00Z,0
SUB-00154,2026-03-05T14:00:00Z,0
SUB-00154,2026-03-30T14:00:00Z,6
SUB-00155,2026-01-28T03:00:00Z,0
SUB-00155,2026-03-11T03:00:00Z,0
SUB-00155,2026-03-26T03:00:00Z,5
SUB-00156,2026-01-24T14:00:00Z,0
SUB-00156,2026-03-07T14:00:00Z,1
SUB-00157,2026-01-25T12:00:00Z,0
SUB-00157,2026-03-08T12:00:00Z,1
SUB-00158,2026-01-21T23:00:00Z,1
SUB-00158,2026-03-04T23:00:00Z,2
SUB-00158,2026-03-24T23:00:00Z,5
SUB-00159,2026-01-19T01:00:00Z,0
SUB-00159,2026-03-02T01:00:00Z,0
SUB-00159,2026-03-11T01:00:00Z,4
SUB-00160,2026-01-20T11:00:00Z,0
SUB-00160,2026-03-03T11:00:00Z,0
SUB-00160,2026-03-30T11:00:00Z,5
SUB-00161,2026-01-28T18:00:00Z,0
SUB-00161,2026-03-11T18:00:00Z,1
SUB-00162,2026-01-25T20:00:00Z,0
SUB-00162,2026-03-08T20:00:00Z,0
SUB-00162,2026-04-06T20:00:00Z,5
SUB-00163,2026-01-25T21:00:00Z,0
SUB-00163,2026-03-08T21:00:00Z,1
SUB-00163,2026-04-02T21:00:00Z,7
SUB-00164,2026-01-20T04:00:00Z,0
SUB-00164,2026-03-03T04:00:00Z,1
SUB-00164,2026-03-30T04:00:00Z,5
SUB-00165,2026-01-25T20:00:00Z,0
SUB-00165,2026-03-08T20:00:00Z,1
SUB-00165,2026-03-22T20:00:00Z,6
SUB-00166,2026-01-28T01:00:00Z,0
SUB-00166,2026-03-11T01:00:00Z,0
SUB-00167,2026-01-18T23:00:00Z,0
SUB-00167,2026-03-01T23:00:00Z,1
SUB-00168,2026-01-22T17:00:00Z,0
SUB-00168,2026-03-05T17:00:00Z,1
SUB-00169,2026-01-25T16:00:00Z,0
SUB-00169,2026-03-08T16:00:00Z,1
SUB-00169,2026-04-01T16:00:00Z,2
SUB-00170,2026-01-19T10:00:00Z,0
SUB-00170,2026-03-02T10:00:00Z,0
SUB-00171,2026-01-17T02:00:00Z,0
SUB-00171,2026-02-28T02:00:00Z,0
SUB-00172,2026-01-25T18:00:00Z,0
SUB-00172,2026-03-08T18:00:00Z,1
SUB-00173,2026-01-23T04:00:00Z,0
SUB-00173,2026-03-06T04:00:00Z,1
SUB-00173,2026-03-29T04:00:00Z,8
SUB-00174,2026-01-19T11:00:00Z,0
SUB-00174,2026-03-02T11:00:00Z,0
SUB-00175,2026-01-28T15:00:00Z,0
SUB-00175,2026-03-11T15:00:00Z,0
SUB-00176,2026-01-26T18:00:00Z,0
SUB-00176,2026-03-09T18:00:00Z,0
SUB-00176,2026-04-05T18:00:00Z,5
SUB-00177,2026-01-16T17:00:00Z,0
SUB-00177,2026-02-27T17:00:00Z,0
SUB-00177,2026-03-04T17:00:00Z,1
SUB-00178,2026-01-20T21:00:00Z,0
SUB-00178,2026-03-03T21:00:00Z,1
SUB-00178,2026-03-14T21:00:00Z,5
SUB-00179,2026-01-29T11:00:00Z,0
SUB-00179,2026-03-12T11:00:00Z,0
SUB-00180,2026-01-19T05:00:00Z,0
SUB-00180,2026-03-02T05:00:00Z,0
SUB-00181,2026-01-29T17:00:00Z,0
SUB-00181,2026-03-12T17:00:00Z,0
SUB-00181,2026-03-22T17:00:00Z,4
SUB-00182,2026-01-25T07:00:00Z,0
SUB-00182,2026-03-08T07:00:00Z,0
SUB-00182,2026-03-19T07:00:00Z,3
SUB-00183,2026-01-19T21:00:00Z,0
SUB-00183,2026-03-02T21:00:00Z,0
SUB-00183,2026-03-21T21:00:00Z,3
SUB-00184,2026-01-22T03:00:00Z,0
SUB-00184,2026-03-05T03:00:00Z,0
SUB-00184,2026-03-30T03:00:00Z,2
SUB-00185,2026-01-19T13:00:00Z,0
SUB-00185,2026-03-02T13:00:00Z,1
SUB-00185,2026-03-17T13:00:00Z,8
SUB-00186,2026-01-20T00:00:00Z,0
SUB-00186,2026-03-03T00:00:00Z,1
SUB-00187,2026-01-19T10:00:00Z,0
SUB-00187,2026-03-02T10:00:00Z,0
SUB-00187,2026-03-31T10:00:00Z,6
SUB-00188,2026-01-29T06:00:00Z,0
SUB-00188,2026-03-12T06:00:00Z,0
SUB-00188,2026-03-30T06:00:00Z,5
SUB-00189,2026-01-27T10:00:00Z,1
SUB-00189,2026-03-10T10:00:00Z,2
SUB-00190,2026-01-18T09:00:00Z,0
SUB-00190,2026-03-01T09:00:00Z,0
SUB-00190,2026-03-15T09:00:00Z,3
SUB-00191,2026-01-25T05:00:00Z,0
SUB-00191,2026-03-08T05:00:00Z,1
SUB-00192,2026-01-22T06:00:00Z,0
SUB-00192,2026-03-05T06:00:00Z,0
SUB-00193,2026-01-17T06:00:00Z,0
SUB-00193,2026-02-28T06:00:00Z,1
SUB-00194,2026-01-21T17:00:00Z,0
SUB-00194,2026-03-04T17:00:00Z,1
SUB-00195,2026-01-19T03:00:00Z,0
SUB-00195,2026-03-02T03:00:00Z,0
SUB-00196,2026-01-17T14:00:00Z,0
SUB-00196,2026-02-28T14:00:00Z,1
SUB-00196,2026-03-07T14:00:00Z,6
SUB-00197,2026-01-17T00:00:00Z,0
SUB-00197,2026-02-28T00:00:00Z,0
SUB-00198,2026-01-17T17:00:00Z,0
SUB-00198,2026-02-28T17:00:00Z,0
SUB-00199,2026-01-21T19:00:00Z,1
SUB-00199,2026-03-04T19:00:00Z,2
SUB-00199,2026-03-27T19:00:00Z,4
SUB-00200,2026-01-19T15:00:00Z,0
SUB-00200,2026-03-02T15:00:00Z,1
SUB-00200,2026-03-20T15:00:00Z,4
SUB-00201,2026-01-18T03:00:00Z,0
SUB-00201,2026-03-01T03:00:00Z,1
SUB-00201,2026-03-28T03:00:00Z,5
SUB-00202,2026-01-26T13:00:00Z,1
SUB-00202,2026-03-09T13:00:00Z,2
SUB-00202,2026-03-29T13:00:00Z,6
SUB-00203,2026-01-26T19:00:00Z,1
SUB-00203,2026-03-09T19:00:00Z,2
SUB-00204,2026-01-18T13:00:00Z,0
SUB-00204,2026-03-01T13:00:00Z,1
SUB-00204,2026-03-29T13:00:00Z,7
SUB-00205,2026-01-16T21:00:00Z,0
SUB-00205,2026-02-27T21:00:00Z,0
SUB-00206,2026-01-22T16:00:00Z,0
SUB-00206,2026-03-05T16:00:00Z,0
SUB-00206,2026-03-20T16:00:00Z,3
SUB-00207,2026-01-28T15:00:00Z,0
SUB-00207,2026-03-11T15:00:00Z,0
SUB-00208,2026-01-23T08:00:00Z,0
SUB-00208,2026-03-06T08:00:00Z,0
SUB-00209,2026-01-27T00:00:00Z,1
SUB-00209,2026-03-10T00:00:00Z,2
SUB-00209,2026-03-20T00:00:00Z,7
SUB-00210,2026-01-20T23:00:00Z,0
SUB-00210,2026-03-03T23:00:00Z,0
SUB-00210,2026-03-18T23:00:00Z,3
SUB-00211,2026-01-26T03:00:00Z,0
SUB-00211,2026-03-09T03:00:00Z,1
SUB-00212,2026-01-16T23:00:00Z,1
SUB-00212,2026-02-27T23:00:00Z,2
SUB-00213,2026-01-19T07:00:00Z,0
SUB-00213,2026-03-02T07:00:00Z,1
SUB-00214,2026-01-28T07:00:00Z,0
SUB-00214,2026-03-11T07:00:00Z,0
SUB-00215,2026-01-23T05:00:00Z,0
SUB-00215,2026-03-06T05:00:00Z,0
SUB-00215,2026-03-16T05:00:00Z,3
SUB-00216,2026-01-21T00:00:00Z,0
SUB-00216,2026-03-04T00:00:00Z,0
SUB-00216,2026-03-23T00:00:00Z,3
SUB-00217,2026-01-26T02:00:00Z,0
SUB-00217,2026-03-09T02:00:00Z,0
SUB-00218,2026-01-22T18:00:00Z,0
SUB-00218,2026-03-05T18:00:00Z,0
SUB-00218,2026-03-24T18:00:00Z,4
SUB-00219,2026-01-18T23:00:00Z,0
SUB-00219,2026-03-01T23:00:00Z,0
SUB-00219,2026-03-19T23:00:00Z,4
SUB-00220,2026-01-29T06:00:00Z,0
SUB-00220,2026-03-12T06:00:00Z,0
SUB-00220,2026-04-03T06:00:00Z,6
SUB-00221,2026-01-17T12:00:00Z,0
SUB-00221,2026-02-28T12:00:00Z,0
SUB-00221,2026-03-27T12:00:00Z,2
SUB-00222,2026-01-28T13:00:00Z,0
SUB-00222,2026-03-11T13:00:00Z,0
SUB-00223,2026-01-21T06:00:00Z,0
SUB-00223,2026-03-04T06:00:00Z,1
SUB-00224,2026-01-26T15:00:00Z,1
SUB-00224,2026-03-09T15:00:00Z,2
SUB-00225,2026-01-29T13:00:00Z,0
SUB-00225,2026-03-12T13:00:00Z,0
SUB-00225,2026-03-28T13:00:00Z,3
SUB-00226,2026-01-16T23:00:00Z,0
SUB-00226,2026-02-27T23:00:00Z,0
SUB-00226,2026-03-18T23:00:00Z,5
SUB-00227,2026-01-20T18:00:00Z,0
SUB-00227,2026-03-03T18:00:00Z,0
SUB-00227,2026-03-10T18:00:00Z,3
SUB-00228,2026-01-21T03:00:00Z,0
SUB-00228,2026-03-04T03:00:00Z,1
SUB-00228,2026-03-20T03:00:00Z,5
SUB-00229,2026-01-21T05:00:00Z,0
SUB-00229,2026-03-04T05:00:00Z,0
SUB-00230,2026-01-17T19:00:00Z,0
SUB-00230,2026-02-28T19:00:00Z,0
SUB-00231,2026-01-22T20:00:00Z,1
SUB-00231,2026-03-05T20:00:00Z,2
SUB-00232,2026-01-24T06:00:00Z,0
SUB-00232,2026-03-07T06:00:00Z,0
SUB-00233,2026-01-24T06:00:00Z,0
SUB-00233,2026-03-07T06:00:00Z,0
SUB-00233,2026-03-29T06:00:00Z,3
SUB-00234,2026-01-17T18:00:00Z,0
SUB-00234,2026-02-28T18:00:00Z,1
SUB-00235,2026-01-20T03:00:00Z,0
SUB-00235,2026-03-03T03:00:00Z,0
SUB-00236,2026-01-27T22:00:00Z,0
SUB-00236,2026-03-10T22:00:00Z,0
SUB-00237,2026-01-25T00:00:00Z,0
SUB-00237,2026-03-08T00:00:00Z,0
SUB-00238,2026-01-21T20:00:00Z,0
SUB-00238,2026-03-04T20:00:00Z,0
SUB-00238,2026-03-14T20:00:00Z,4
SUB-00239,2026-01-27T17:00:00Z,0
SUB-00239,2026-03-10T17:00:00Z,0
SUB-00240,2026-01-22T17:00:00Z,0
SUB-00240,2026-03-05T17:00:00Z,0
SUB-00241,2026-01-20T03:00:00Z,0
SUB-00241,2026-03-03T03:00:00Z,0
SUB-00241,2026-03-14T03:00:00Z,2
SUB-00242,2026-01-26T01:00:00Z,1
SUB-00242,2026-03-09T01:00:00Z,2
SUB-00242,2026-04-07T01:00:00Z,4
SUB-00243,2026-01-23T17:00:00Z,0
SUB-00243,2026-03-06T17:00:00Z,0
SUB-00244,2026-01-21T02:00:00Z,0
SUB-00244,2026-03-04T02:00:00Z,1
SUB-00245,2026-01-30T01:00:00Z,0
SUB-00245,2026-03-13T01:00:00Z,0
SUB-00245,2026-04-02T01:00:00Z,5
SUB-00246,2026-01-22T10:00:00Z,0
SUB-00246,2026-03-05T10:00:00Z,0
SUB-00247,2026-01-28T22:00:00Z,0
SUB-00247,2026-03-11T22:00:00Z,1
SUB-00247,2026-03-16T22:00:00Z,6
SUB-00248,2026-01-28T06:00:00Z,0
SUB-00248,2026-03-11T06:00:00Z,1
SUB-00248,2026-03-24T06:00:00Z,3
SUB-00249,2026-01-19T08:00:00Z,0
SUB-00249,2026-03-02T08:00:00Z,0
SUB-00249,2026-03-21T08:00:00Z,5
SUB-00250,2026-01-25T00:00:00Z,0
SUB-00250,2026-03-08T00:00:00Z,0
SUB-00250,2026-03-23T00:00:00Z,1
SUB-00251,2026-01-29T03:00:00Z,0
SUB-00251,2026-03-12T03:00:00Z,0
SUB-00252,2026-01-23T17:00:00Z,0
SUB-00252,2026-03-06T17:00:00Z,0
SUB-00252,2026-03-28T17:00:00Z,2
SUB-00253,2026-01-16T10:00:00Z,0
SUB-00253,2026-02-27T10:00:00Z,1
SUB-00254,2026-01-22T13:00:00Z,0
SUB-00254,2026-03-05T13:00:00Z,0
SUB-00254,2026-03-11T13:00:00Z,3
SUB-00255,2026-01-27T00:00:00Z,0
SUB-00255,2026-03-10T00:00:00Z,1
SUB-00255,2026-04-08T00:00:00Z,5
SUB-00256,2026-01-18T05:00:00Z,0
SUB-00256,2026-03-01T05:00:00Z,0
SUB-00256,2026-03-24T05:00:00Z,5
SUB-00257,2026-01-19T01:00:00Z,0
SUB-00257,2026-03-02T01:00:00Z,0
SUB-00258,2026-01-26T18:00:00Z,0
SUB-00258,2026-03-09T18:00:00Z,0
SUB-00258,2026-04-01T18:00:00Z,1
SUB-00259,2026-01-26T04:00:00Z,1
SUB-00259,2026-03-09T04:00:00Z,2
SUB-00260,2026-01-23T01:00:00Z,0
SUB-00260,2026-03-06T01:00:00Z,0
SUB-00260,2026-03-18T01:00:00Z,4
SUB-00261,2026-01-29T10:00:00Z,0
SUB-00261,2026-03-12T10:00:00Z,1
SUB-00261,2026-04-05T10:00:00Z,5
SUB-00262,2026-01-21T20:00:00Z,1
SUB-00262,2026-03-04T20:00:00Z,2
SUB-00263,2026-01-30T04:00:00Z,0
SUB-00263,2026-03-13T04:00:00Z,0
SUB-00263,2026-04-01T04:00:00Z,4
SUB-00264,2026-01-26T19:00:00Z,1
SUB-00264,2026-03-09T19:00:00Z,2
SUB-00265,2026-01-21T13:00:00Z,0
SUB-00265,2026-03-04T13:00:00Z,0
SUB-00265,2026-03-27T13:00:00Z,1
SUB-00266,2026-01-23T22:00:00Z,0
SUB-00266,2026-03-06T22:00:00Z,1
SUB-00266,2026-03-25T22:00:00Z,5
SUB-00267,2026-01-23T08:00:00Z,0
SUB-00267,2026-03-06T08:00:00Z,0
SUB-00268,2026-01-19T16:00:00Z,0
SUB-00268,2026-03-02T16:00:00Z,0
SUB-00268,2026-03-26T16:00:00Z,5
SUB-00269,2026-01-26T21:00:00Z,0
SUB-00269,2026-03-09T21:00:00Z,1
SUB-00269,2026-04-03T21:00:00Z,5
SUB-00270,2026-01-17T18:00:00Z,0
SUB-00270,2026-02-28T18:00:00Z,0
SUB-00271,2026-01-20T02:00:00Z,0
SUB-00271,2026-03-03T02:00:00Z,0
SUB-00271,2026-03-13T02:00:00Z,4
SUB-00272,2026-01-25T23:00:00Z,0
SUB-00272,2026-03-08T23:00:00Z,1
SUB-00273,2026-01-30T07:00:00Z,0
SUB-00273,2026-03-13T07:00:00Z,0
SUB-00274,2026-01-19T01:00:00Z,0
SUB-00274,2026-03-02T01:00:00Z,0
SUB-00275,2026-01-18T18:00:00Z,0
SUB-00275,2026-03-01T18:00:00Z,0
SUB-00275,2026-03-26T18:00:00Z,2
SUB-00276,2026-01-16T12:00:00Z,0
SUB-00276,2026-02-27T12:00:00Z,1
SUB-00276,2026-03-04T12:00:00Z,8
SUB-00277,2026-01-17T00:00:00Z,0
SUB-00277,2026-02-28T00:00:00Z,0
SUB-00278,2026-01-19T07:00:00Z,0
SUB-00278,2026-03-02T07:00:00Z,0
SUB-00278,2026-03-13T07:00:00Z,5
SUB-00279,2026-01-22T03:00:00Z,1
SUB-00279,2026-03-05T03:00:00Z,2
SUB-00280,2026-01-29T03:00:00Z,0
SUB-00280,2026-03-12T03:00:00Z,0
SUB-00280,2026-03-24T03:00:00Z,4
SUB-00281,2026-01-26T05:00:00Z,0
SUB-00281,2026-03-09T05:00:00Z,1
SUB-00282,2026-01-26T09:00:00Z,0
SUB-00282,2026-03-09T09:00:00Z,1
SUB-00283,2026-01-23T00:00:00Z,1
SUB-00283,2026-03-06T00:00:00Z,2
SUB-00283,2026-03-13T00:00:00Z,6
SUB-00284,2026-01-17T14:00:00Z,0
SUB-00284,2026-02-28T14:00:00Z,0
SUB-00284,2026-03-26T14:00:00Z,6
SUB-00285,2026-01-21T03:00:00Z,0
SUB-00285,2026-03-04T03:00:00Z,0
SUB-00286,2026-01-27T04:00:00Z,0
SUB-00286,2026-03-10T04:00:00Z,0
SUB-00287,2026-01-25T02:00:00Z,0
SUB-00287,2026-03-08T02:00:00Z,0
SUB-00287,2026-04-05T02:00:00Z,5
SUB-00288,2026-01-24T04:00:00Z,0
SUB-00288,2026-03-07T04:00:00Z,0
SUB-00288,2026-03-28T04:00:00Z,6
SUB-00289,2026-01-22T13:00:00Z,0
SUB-00289,2026-03-05T13:00:00Z,0
SUB-00289,2026-03-29T13:00:00Z,3
SUB-00290,2026-01-24T10:00:00Z,0
SUB-00290,2026-03-07T10:00:00Z,1
SUB-00290,2026-03-26T10:00:00Z,5
SUB-00291,2026-01-17T21:00:00Z,0
SUB-00291,2026-02-28T21:00:00Z,0
SUB-00292,2026-01-18T22:00:00Z,0
SUB-00292,2026-03-01T22:00:00Z,0
SUB-00293,2026-01-27T06:00:00Z,0
SUB-00293,2026-03-10T06:00:00Z,1
SUB-00293,2026-03-31T06:00:00Z,5
SUB-00294,2026-01-16T11:00:00Z,2
SUB-00294,2026-02-27T11:00:00Z,3
SUB-00294,2026-03-05T11:00:00Z,9
SUB-00295,2026-01-23T05:00:00Z,0
SUB-00295,2026-03-06T05:00:00Z,1
SUB-00295,2026-04-02T05:00:00Z,6
SUB-00296,2026-01-27T10:00:00Z,1
SUB-00296,2026-03-10T10:00:00Z,2
SUB-00296,2026-04-03T10:00:00Z,9
SUB-00297,2026-01-16T15:00:00Z,0
SUB-00297,2026-02-27T15:00:00Z,0
SUB-00297,2026-03-27T15:00:00Z,4
SUB-00298,2026-01-24T02:00:00Z,0
SUB-00298,2026-03-07T02:00:00Z,0
SUB-00298,2026-03-14T02:00:00Z,4
SUB-00299,2026-01-24T14:00:00Z,0
SUB-00299,2026-03-07T14:00:00Z,1
SUB-00300,2026-01-25T01:00:00Z,0
SUB-00300,2026-03-08T01:00:00Z,0
SUB-00301,2026-01-26T01:00:00Z,0
SUB-00301,2026-03-09T01:00:00Z,0
SUB-00302,2026-01-17T13:00:00Z,0
SUB-00302,2026-02-28T13:00:00Z,0
SUB-00302,2026-03-07T13:00:00Z,3
SUB-00303,2026-01-17T08:00:00Z,0
SUB-00303,2026-02-28T08:00:00Z,0
SUB-00304,2026-01-29T16:00:00Z,0
SUB-00304,2026-03-12T16:00:00Z,0
SUB-00304,2026-03-20T16:00:00Z,5
SUB-00305,2026-01-17T13:00:00Z,0
SUB-00305,2026-02-28T13:00:00Z,0
SUB-00306,2026-01-18T16:00:00Z,0
SUB-00306,2026-03-01T16:00:00Z,0
SUB-00306,2026-03-22T16:00:00Z,4
SUB-00307,2026-01-21T12:00:00Z,0
SUB-00307,2026-03-04T12:00:00Z,0
SUB-00307,2026-03-29T12:00:00Z,4
SUB-00308,2026-01-23T04:00:00Z,0
SUB-00308,2026-03-06T04:00:00Z,0
SUB-00308,2026-03-26T04:00:00Z,3
SUB-00309,2026-01-19T01:00:00Z,0
SUB-00309,2026-03-02T01:00:00Z,0
SUB-00309,2026-03-07T01:00:00Z,5
SUB-00310,2026-01-30T03:00:00Z,0
SUB-00310,2026-03-13T03:00:00Z,1
SUB-00311,2026-01-22T05:00:00Z,0
SUB-00311,2026-03-05T05:00:00Z,0
SUB-00311,2026-03-21T05:00:00Z,3
SUB-00312,2026-01-19T16:00:00Z,0
SUB-00312,2026-03-02T16:00:00Z,1
SUB-00312,2026-03-14T16:00:00Z,7
SUB-00313,2026-01-19T15:00:00Z,0
SUB-00313,2026-03-02T15:00:00Z,0
SUB-00314,2026-01-21T10:00:00Z,0
SUB-00314,2026-03-04T10:00:00Z,1
SUB-00315,2026-01-23T11:00:00Z,0
SUB-00315,2026-03-06T11:00:00Z,0
SUB-00316,2026-01-18T11:00:00Z,0
SUB-00316,2026-03-01T11:00:00Z,0
SUB-00316,2026-03-26T11:00:00Z,1
SUB-00317,2026-01-24T14:00:00Z,0
SUB-00317,2026-03-07T14:00:00Z,1
SUB-00318,2026-01-18T12:00:00Z,0
SUB-00318,2026-03-01T12:00:00Z,0
SUB-00319,2026-01-21T10:00:00Z,0
SUB-00319,2026-03-04T10:00:00Z,0
SUB-00319,2026-03-23T10:00:00Z,6
SUB-00320,2026-01-18T08:00:00Z,0
SUB-00320,2026-03-01T08:00:00Z,0
SUB-00320,2026-03-29T08:00:00Z,4
SUB-00321,2026-01-17T21:00:00Z,1
SUB-00321,2026-02-28T21:00:00Z,2
SUB-00321,2026-03-26T21:00:00Z,10
SUB-00322,2026-01-21T10:00:00Z,0
SUB-00322,2026-03-04T10:00:00Z,0
SUB-00323,2026-01-27T00:00:00Z,0
SUB-00323,2026-03-10T00:00:00Z,0
SUB-00323,2026-03-22T00:00:00Z,5
SUB-00324,2026-01-19T03:00:00Z,0
SUB-00324,2026-03-02T03:00:00Z,0
SUB-00325,2026-01-23T16:00:00Z,0
SUB-00325,2026-03-06T16:00:00Z,0
SUB-00325,2026-03-17T16:00:00Z,4
SUB-00326,2026-01-20T23:00:00Z,0
SUB-00326,2026-03-03T23:00:00Z,0
SUB-00326,2026-03-11T23:00:00Z,2
SUB-00327,2026-01-28T21:00:00Z,0
SUB-00327,2026-03-11T21:00:00Z,0
SUB-00327,2026-03-26T21:00:00Z,1
SUB-00328,2026-01-24T00:00:00Z,0
SUB-00328,2026-03-07T00:00:00Z,0
SUB-00328,2026-03-20T00:00:00Z,5
SUB-00329,2026-01-22T15:00:00Z,0
SUB-00329,2026-03-05T15:00:00Z,1
SUB-00329,2026-03-22T15:00:00Z,4
SUB-00330,2026-01-18T19:00:00Z,0
SUB-00330,2026-03-01T19:00:00Z,0
SUB-00331,2026-01-22T06:00:00Z,0
SUB-00331,2026-03-05T06:00:00Z,0
SUB-00331,2026-03-27T06:00:00Z,3
SUB-00332,2026-01-17T06:00:00Z,0
SUB-00332,2026-02-28T06:00:00Z,1
SUB-00332,2026-03-13T06:00:00Z,6
SUB-00333,2026-01-26T00:00:00Z,0
SUB-00333,2026-03-09T00:00:00Z,0
SUB-00334,2026-01-29T16:00:00Z,0
SUB-00334,2026-03-12T16:00:00Z,1
SUB-00334,2026-04-03T16:00:00Z,6
SUB-00335,2026-01-27T22:00:00Z,0
SUB-00335,2026-03-10T22:00:00Z,0
SUB-00336,2026-01-26T16:00:00Z,0
SUB-00336,2026-03-09T16:00:00Z,1
SUB-00336,2026-03-17T16:00:00Z,5
SUB-00337,2026-01-19T18:00:00Z,0
SUB-00337,2026-03-02T18:00:00Z,1
SUB-00338,2026-01-21T09:00:00Z,0
SUB-00338,2026-03-04T09:00:00Z,0
SUB-00338,2026-03-22T09:00:00Z,3
SUB-00339,2026-01-27T09:00:00Z,0
SUB-00339,2026-03-10T09:00:00Z,1
SUB-00340,2026-01-26T15:00:00Z,0
SUB-00340,2026-03-09T15:00:00Z,1
SUB-00340,2026-03-18T15:00:00Z,4
SUB-00341,2026-01-28T10:00:00Z,0
SUB-00341,2026-03-11T10:00:00Z,0
SUB-00341,2026-04-09T10:00:00Z,4
SUB-00342,2026-01-17T19:00:00Z,0
SUB-00342,2026-02-28T19:00:00Z,0
SUB-00342,2026-03-21T19:00:00Z,2
SUB-00343,2026-01-17T04:00:00Z,0
SUB-00343,2026-02-28T04:00:00Z,1
SUB-00344,2026-01-20T05:00:00Z,0
SUB-00344,2026-03-03T05:00:00Z,1
SUB-00344,2026-03-31T05:00:00Z,6
SUB-00345,2026-01-24T19:00:00Z,0
SUB-00345,2026-03-07T19:00:00Z,0
SUB-00346,2026-01-24T10:00:00Z,0
SUB-00346,2026-03-07T10:00:00Z,0
SUB-00347,2026-01-26T00:00:00Z,0
SUB-00347,2026-03-09T00:00:00Z,0
SUB-00348,2026-01-19T23:00:00Z,0
SUB-00348,2026-03-02T23:00:00Z,1
SUB-00349,2026-01-22T17:00:00Z,0
SUB-00349,2026-03-05T17:00:00Z,0
SUB-00349,2026-03-16T17:00:00Z,2
SUB-00350,2026-01-28T21:00:00Z,0
SUB-00350,2026-03-11T21:00:00Z,0
SUB-00350,2026-03-26T21:00:00Z,1
SUB-00351,2026-01-22T17:00:00Z,0
SUB-00351,2026-03-05T17:00:00Z,1
SUB-00352,2026-01-27T03:00:00Z,0
SUB-00352,2026-03-10T03:00:00Z,1
SUB-00353,2026-01-25T09:00:00Z,0
SUB-00353,2026-03-08T09:00:00Z,1
SUB-00353,2026-03-17T09:00:00Z,3
SUB-00354,2026-01-26T21:00:00Z,1
SUB-00354,2026-03-09T21:00:00Z,2
SUB-00354,2026-03-29T21:00:00Z,5
SUB-00355,2026-01-17T21:00:00Z,0
SUB-00355,2026-02-28T21:00:00Z,0
SUB-00356,2026-01-30T03:00:00Z,0
SUB-00356,2026-03-13T03:00:00Z,0
SUB-00356,2026-03-21T03:00:00Z,5
SUB-00357,2026-01-19T19:00:00Z,0
SUB-00357,2026-03-02T19:00:00Z,0
SUB-00358,2026-01-27T07:00:00Z,0
SUB-00358,2026-03-10T07:00:00Z,1
SUB-00359,2026-01-16T09:00:00Z,0
SUB-00359,2026-02-27T09:00:00Z,1
SUB-00359,2026-03-26T09:00:00Z,7
SUB-00360,2026-01-20T13:00:00Z,0
SUB-00360,2026-03-03T13:00:00Z,0
SUB-00360,2026-03-09T13:00:00Z,5
SUB-00361,2026-01-27T15:00:00Z,0
SUB-00361,2026-03-10T15:00:00Z,0
SUB-00361,2026-03-29T15:00:00Z,3
SUB-00362,2026-01-22T22:00:00Z,0
SUB-00362,2026-03-05T22:00:00Z,1
SUB-00362,2026-03-29T22:00:00Z,9
SUB-00363,2026-01-28T22:00:00Z,0
SUB-00363,2026-03-11T22:00:00Z,0
SUB-00363,2026-03-19T22:00:00Z,7
SUB-00364,2026-01-19T19:00:00Z,0
SUB-00364,2026-03-02T19:00:00Z,1
SUB-00364,2026-03-18T19:00:00Z,2
SUB-00365,2026-01-17T08:00:00Z,0
SUB-00365,2026-02-28T08:00:00Z,1
SUB-00365,2026-03-24T08:00:00Z,5
SUB-00366,2026-01-16T12:00:00Z,0
SUB-00366,2026-02-27T12:00:00Z,0
SUB-00367,2026-01-25T08:00:00Z,0
SUB-00367,2026-03-08T08:00:00Z,0
SUB-00368,2026-01-18T11:00:00Z,0
SUB-00368,2026-03-01T11:00:00Z,1
SUB-00368,2026-03-20T11:00:00Z,3
SUB-00369,2026-01-20T03:00:00Z,0
SUB-00369,2026-03-03T03:00:00Z,0
SUB-00370,2026-01-26T00:00:00Z,0
SUB-00370,2026-03-09T00:00:00Z,1
SUB-00370,2026-03-17T00:00:00Z,7
SUB-00371,2026-01-23T10:00:00Z,0
SUB-00371,2026-03-06T10:00:00Z,0
SUB-00372,2026-01-25T07:00:00Z,0
SUB-00372,2026-03-08T07:00:00Z,0
SUB-00373,2026-01-19T01:00:00Z,0
SUB-00373,2026-03-02T01:00:00Z,0
SUB-00374,2026-01-23T19:00:00Z,0
SUB-00374,2026-03-06T19:00:00Z,0
SUB-00375,2026-01-25T06:00:00Z,0
SUB-00375,2026-03-08T06:00:00Z,0
SUB-00375,2026-03-16T06:00:00Z,6
SUB-00376,2026-01-23T21:00:00Z,0
SUB-00376,2026-03-06T21:00:00Z,0
SUB-00376,2026-04-04T21:00:00Z,2
SUB-00377,2026-01-24T02:00:00Z,0
SUB-00377,2026-03-07T02:00:00Z,0
SUB-00378,2026-01-19T09:00:00Z,0
SUB-00378,2026-03-02T09:00:00Z,1
SUB-00378,2026-03-18T09:00:00Z,10
SUB-00379,2026-01-28T06:00:00Z,0
SUB-00379,2026-03-11T06:00:00Z,0
SUB-00379,2026-03-19T06:00:00Z,2
SUB-00380,2026-01-26T18:00:00Z,1
SUB-00380,2026-03-09T18:00:00Z,2
SUB-00381,2026-01-24T02:00:00Z,0
SUB-00381,2026-03-07T02:00:00Z,0
SUB-00381,2026-03-26T02:00:00Z,1
SUB-00382,2026-01-26T20:00:00Z,0
SUB-00382,2026-03-09T20:00:00Z,0
SUB-00382,2026-03-23T20:00:00Z,5
SUB-00383,2026-01-16T08:00:00Z,0
SUB-00383,2026-02-27T08:00:00Z,0
SUB-00384,2026-01-19T14:00:00Z,0
SUB-00384,2026-03-02T14:00:00Z,0
SUB-00384,2026-03-18T14:00:00Z,5
SUB-00385,2026-01-23T09:00:00Z,0
SUB-00385,2026-03-06T09:00:00Z,1
SUB-00385,2026-03-21T09:00:00Z,3
SUB-00386,2026-01-24T07:00:00Z,0
SUB-00386,2026-03-07T07:00:00Z,0
SUB-00387,2026-01-27T18:00:00Z,0
SUB-00387,2026-03-10T18:00:00Z,0
SUB-00387,2026-03-22T18:00:00Z,10
SUB-00388,2026-01-19T07:00:00Z,0
SUB-00388,2026-03-02T07:00:00Z,0
SUB-00388,2026-03-30T07:00:00Z,3
SUB-00389,2026-01-23T10:00:00Z,0
SUB-00389,2026-03-06T10:00:00Z,1
SUB-00390,2026-01-27T06:00:00Z,0
SUB-00390,2026-03-10T06:00:00Z,0
SUB-00390,2026-03-27T06:00:00Z,5
SUB-00391,2026-01-22T00:00:00Z,0
SUB-00391,2026-03-05T00:00:00Z,0
SUB-00392,2026-01-26T07:00:00Z,0
SUB-00392,2026-03-09T07:00:00Z,1
SUB-00392,2026-03-28T07:00:00Z,2
SUB-00393,2026-01-18T06:00:00Z,0
SUB-00393,2026-03-01T06:00:00Z,0
SUB-00394,2026-01-18T07:00:00Z,0
SUB-00394,2026-03-01T07:00:00Z,0
SUB-00395,2026-01-20T13:00:00Z,0
SUB-00395,2026-03-03T13:00:00Z,1
SUB-00395,2026-03-28T13:00:00Z,4
SUB-00396,2026-01-20T02:00:00Z,0
SUB-00396,2026-03-03T02:00:00Z,1
SUB-00396,2026-03-23T02:00:00Z,2
SUB-00397,2026-01-21T11:00:00Z,0
SUB-00397,2026-03-04T11:00:00Z,1
SUB-00397,2026-04-02T11:00:00Z,5
SUB-00398,2026-01-21T22:00:00Z,0
SUB-00398,2026-03-04T22:00:00Z,0
SUB-00399,2026-01-24T04:00:00Z,0
SUB-00399,2026-03-07T04:00:00Z,0
SUB-00399,2026-03-24T04:00:00Z,4
SUB-00400,2026-01-17T23:00:00Z,0
SUB-00400,2026-02-28T23:00:00Z,0
SUB-00400,2026-03-05T23:00:00Z,4
SUB-00401,2026-01-16T14:00:00Z,0
SUB-00401,2026-02-27T14:00:00Z,0
SUB-00402,2026-01-19T15:00:00Z,1
SUB-00402,2026-03-02T15:00:00Z,2
SUB-00402,2026-03-08T15:00:00Z,6
SUB-00403,2026-01-19T02:00:00Z,0
SUB-00403,2026-03-02T02:00:00Z,1
SUB-00404,2026-01-27T09:00:00Z,0
SUB-00404,2026-03-10T09:00:00Z,0
SUB-00405,2026-01-19T23:00:00Z,0
SUB-00405,2026-03-02T23:00:00Z,0
SUB-00405,2026-03-31T23:00:00Z,5
SUB-00406,2026-01-22T01:00:00Z,0
SUB-00406,2026-03-05T01:00:00Z,0
SUB-00406,2026-03-12T01:00:00Z,3
SUB-00407,2026-01-22T08:00:00Z,0
SUB-00407,2026-03-05T08:00:00Z,0
SUB-00407,2026-03-11T08:00:00Z,1
SUB-00408,2026-01-24T15:00:00Z,0
SUB-00408,2026-03-07T15:00:00Z,0
SUB-00408,2026-04-01T15:00:00Z,4
SUB-00409,2026-01-17T11:00:00Z,0
SUB-00409,2026-02-28T11:00:00Z,0
SUB-00409,2026-03-29T11:00:00Z,3
SUB-00410,2026-01-29T10:00:00Z,0
SUB-00410,2026-03-12T10:00:00Z,1
SUB-00410,2026-04-09T10:00:00Z,4
SUB-00411,2026-01-23T00:00:00Z,0
SUB-00411,2026-03-06T00:00:00Z,0
SUB-00412,2026-01-24T00:00:00Z,0
SUB-00412,2026-03-07T00:00:00Z,1
SUB-00412,2026-03-15T00:00:00Z,5
SUB-00413,2026-01-22T21:00:00Z,0
SUB-00413,2026-03-05T21:00:00Z,0
SUB-00413,2026-03-14T21:00:00Z,2
SUB-00414,2026-01-24T09:00:00Z,0
SUB-00414,2026-03-07T09:00:00Z,1
SUB-00415,2026-01-23T02:00:00Z,0
SUB-00415,2026-03-06T02:00:00Z,0
SUB-00415,2026-03-25T02:00:00Z,4
SUB-00416,2026-01-18T03:00:00Z,0
SUB-00416,2026-03-01T03:00:00Z,1
SUB-00416,2026-03-22T03:00:00Z,3
SUB-00417,2026-01-19T03:00:00Z,0
SUB-00417,2026-03-02T03:00:00Z,0
SUB-00418,2026-01-24T22:00:00Z,0
SUB-00418,2026-03-07T22:00:00Z,0
SUB-00419,2026-01-16T08:00:00Z,0
SUB-00419,2026-02-27T08:00:00Z,0
SUB-00419,2026-03-25T08:00:00Z,4
SUB-00420,2026-01-24T21:00:00Z,0
SUB-00420,2026-03-07T21:00:00Z,0
SUB-00420,2026-03-15T21:00:00Z,2
SUB-00421,2026-01-21T12:00:00Z,0
SUB-00421,2026-03-04T12:00:00Z,0
SUB-00421,2026-04-02T12:00:00Z,3
SUB-00422,2026-01-25T15:00:00Z,0
SUB-00422,2026-03-08T15:00:00Z,0
SUB-00423,2026-01-23T21:00:00Z,1
SUB-00423,2026-03-06T21:00:00Z,2
SUB-00423,2026-03-25T21:00:00Z,8
SUB-00424,2026-01-23T15:00:00Z,0
SUB-00424,2026-03-06T15:00:00Z,0
SUB-00425,2026-01-21T17:00:00Z,1
SUB-00425,2026-03-04T17:00:00Z,2
SUB-00426,2026-01-28T08:00:00Z,1
SUB-00426,2026-03-11T08:00:00Z,2
SUB-00427,2026-01-18T07:00:00Z,0
SUB-00427,2026-03-01T07:00:00Z,0
SUB-00428,2026-01-21T08:00:00Z,0
SUB-00428,2026-03-04T08:00:00Z,0
SUB-00429,2026-01-21T17:00:00Z,0
SUB-00429,2026-03-04T17:00:00Z,0
SUB-00430,2026-01-17T04:00:00Z,0
SUB-00430,2026-02-28T04:00:00Z,1
SUB-00431,2026-01-26T13:00:00Z,0
SUB-00431,2026-03-09T13:00:00Z,1
SUB-00431,2026-03-30T13:00:00Z,5
SUB-00432,2026-01-21T23:00:00Z,1
SUB-00432,2026-03-04T23:00:00Z,2
SUB-00433,2026-01-17T05:00:00Z,0
SUB-00433,2026-02-28T05:00:00Z,0
SUB-00434,2026-01-20T07:00:00Z,0
SUB-00434,2026-03-03T07:00:00Z,0
SUB-00434,2026-03-25T07:00:00Z,3
SUB-00435,2026-01-17T13:00:00Z,0
SUB-00435,2026-02-28T13:00:00Z,0
SUB-00435,2026-03-22T13:00:00Z,1
SUB-00436,2026-01-27T18:00:00Z,0
SUB-00436,2026-03-10T18:00:00Z,1
SUB-00436,2026-03-25T18:00:00Z,4
SUB-00437,2026-01-19T02:00:00Z,0
SUB-00437,2026-03-02T02:00:00Z,1
SUB-00438,2026-01-22T20:00:00Z,0
SUB-00438,2026-03-05T20:00:00Z,0
SUB-00438,2026-03-12T20:00:00Z,2
SUB-00439,2026-01-18T00:00:00Z,0
SUB-00439,2026-03-01T00:00:00Z,0
SUB-00440,2026-01-27T03:00:00Z,0
SUB-00440,2026-03-10T03:00:00Z,1
SUB-00441,2026-01-28T09:00:00Z,0
SUB-00441,2026-03-11T09:00:00Z,1
SUB-00441,2026-04-08T09:00:00Z,3
SUB-00442,2026-01-28T18:00:00Z,0
SUB-00442,2026-03-11T18:00:00Z,1
SUB-00442,2026-03-26T18:00:00Z,7
SUB-00443,2026-01-30T06:00:00Z,0
SUB-00443,2026-03-13T06:00:00Z,1
SUB-00444,2026-01-25T00:00:00Z,0
SUB-00444,2026-03-08T00:00:00Z,0
SUB-00444,2026-03-22T00:00:00Z,3
SUB-00445,2026-01-23T20:00:00Z,0
SUB-00445,2026-03-06T20:00:00Z,1
SUB-00446,2026-01-19T13:00:00Z,0
SUB-00446,2026-03-02T13:00:00Z,0
SUB-00447,2026-01-22T00:00:00Z,0
SUB-00447,2026-03-05T00:00:00Z,0
SUB-00448,2026-01-23T09:00:00Z,1
SUB-00448,2026-03-06T09:00:00Z,2
SUB-00448,2026-03-27T09:00:00Z,4
SUB-00449,2026-01-29T09:00:00Z,0
SUB-00449,2026-03-12T09:00:00Z,1
SUB-00449,2026-03-30T09:00:00Z,4
SUB-00450,2026-01-17T08:00:00Z,0
SUB-00450,2026-02-28T08:00:00Z,0
SUB-00451,2026-01-24T18:00:00Z,0
SUB-00451,2026-03-07T18:00:00Z,0
SUB-00452,2026-01-26T12:00:00Z,0
SUB-00452,2026-03-09T12:00:00Z,0
SUB-00453,2026-01-23T15:00:00Z,0
SUB-00453,2026-03-06T15:00:00Z,0
SUB-00453,2026-03-24T15:00:00Z,3
SUB-00454,2026-01-27T14:00:00Z,0
SUB-00454,2026-03-10T14:00:00Z,0
SUB-00454,2026-03-28T14:00:00Z,3
SUB-00455,2026-01-27T01:00:00Z,0
SUB-00455,2026-03-10T01:00:00Z,0
SUB-00456,2026-01-20T02:00:00Z,0
SUB-00456,2026-03-03T02:00:00Z,0
SUB-00456,2026-03-18T02:00:00Z,4
SUB-00457,2026-01-19T12:00:00Z,0
SUB-00457,2026-03-02T12:00:00Z,0
SUB-00457,2026-03-27T12:00:00Z,3
SUB-00458,2026-01-29T10:00:00Z,0
SUB-00458,2026-03-12T10:00:00Z,0
SUB-00459,2026-01-26T14:00:00Z,0
SUB-00459,2026-03-09T14:00:00Z,0
SUB-00460,2026-01-25T16:00:00Z,0
SUB-00460,2026-03-08T16:00:00Z,1
SUB-00460,2026-03-14T16:00:00Z,5
SUB-00461,2026-01-18T18:00:00Z,0
SUB-00461,2026-03-01T18:00:00Z,1
SUB-00461,2026-03-23T18:00:00Z,2
SUB-00462,2026-01-27T21:00:00Z,0
SUB-00462,2026-03-10T21:00:00Z,1
SUB-00462,2026-04-07T21:00:00Z,4
SUB-00463,2026-01-16T21:00:00Z,0
SUB-00463,2026-02-27T21:00:00Z,0
SUB-00464,2026-01-20T23:00:00Z,0
SUB-00464,2026-03-03T23:00:00Z,0
SUB-00464,2026-03-08T23:00:00Z,4
SUB-00465,2026-01-29T04:00:00Z,0
SUB-00465,2026-03-12T04:00:00Z,0
SUB-00465,2026-04-01T04:00:00Z,2
SUB-00466,2026-01-21T21:00:00Z,0
SUB-00466,2026-03-04T21:00:00Z,0
SUB-00467,2026-01-26T08:00:00Z,1
SUB-00467,2026-03-09T08:00:00Z,2
SUB-00468,2026-01-27T21:00:00Z,0
SUB-00468,2026-03-10T21:00:00Z,0
SUB-00469,2026-01-27T04:00:00Z,0
SUB-00469,2026-03-10T04:00:00Z,0
SUB-00470,2026-01-17T13:00:00Z,0
SUB-00470,2026-02-28T13:00:00Z,0
SUB-00470,2026-03-21T13:00:00Z,5
SUB-00471,2026-01-23T13:00:00Z,0
SUB-00471,2026-03-06T13:00:00Z,0
SUB-00471,2026-03-24T13:00:00Z,2
SUB-00472,2026-01-20T05:00:00Z,0
SUB-00472,2026-03-03T05:00:00Z,0
SUB-00473,2026-01-25T22:00:00Z,0
SUB-00473,2026-03-08T22:00:00Z,0
SUB-00474,2026-01-20T09:00:00Z,0
SUB-00474,2026-03-03T09:00:00Z,0
SUB-00475,2026-01-25T06:00:00Z,0
SUB-00475,2026-03-08T06:00:00Z,1
SUB-00476,2026-01-17T02:00:00Z,0
SUB-00476,2026-02-28T02:00:00Z,0
SUB-00476,2026-03-05T02:00:00Z,7
SUB-00477,2026-01-26T07:00:00Z,0
SUB-00477,2026-03-09T07:00:00Z,0
SUB-00478,2026-01-22T18:00:00Z,0
SUB-00478,2026-03-05T18:00:00Z,0
SUB-00478,2026-04-01T18:00:00Z,3
SUB-00479,2026-01-26T14:00:00Z,1
SUB-00479,2026-03-09T14:00:00Z,2
SUB-00480,2026-01-18T17:00:00Z,0
SUB-00480,2026-03-01T17:00:00Z,1
SUB-00481,2026-01-26T01:00:00Z,1
SUB-00481,2026-03-09T01:00:00Z,2
SUB-00482,2026-01-17T17:00:00Z,0
SUB-00482,2026-02-28T17:00:00Z,0
SUB-00482,2026-03-24T17:00:00Z,2
SUB-00483,2026-01-18T21:00:00Z,0
SUB-00483,2026-03-01T21:00:00Z,1
SUB-00484,2026-01-24T11:00:00Z,0
SUB-00484,2026-03-07T11:00:00Z,1
SUB-00485,2026-01-16T15:00:00Z,0
SUB-00485,2026-02-27T15:00:00Z,0
SUB-00485,2026-03-10T15:00:00Z,6
SUB-00486,2026-01-27T04:00:00Z,0
SUB-00486,2026-03-10T04:00:00Z,0
SUB-00486,2026-03-20T04:00:00Z,7
SUB-00487,2026-01-23T10:00:00Z,0
SUB-00487,2026-03-06T10:00:00Z,1
SUB-00488,2026-01-21T09:00:00Z,0
SUB-00488,2026-03-04T09:00:00Z,0
SUB-00489,2026-01-27T17:00:00Z,0
SUB-00489,2026-03-10T17:00:00Z,0
SUB-00490,2026-01-28T07:00:00Z,2
SUB-00490,2026-03-11T07:00:00Z,3
SUB-00491,2026-01-18T17:00:00Z,0
SUB-00491,2026-03-01T17:00:00Z,1
SUB-00491,2026-03-11T17:00:00Z,6
SUB-00492,2026-01-28T05:00:00Z,0
SUB-00492,2026-03-11T05:00:00Z,0
SUB-00492,2026-04-04T05:00:00Z,4
SUB-00493,2026-01-28T05:00:00Z,0
SUB-00493,2026-03-11T05:00:00Z,0
SUB-00493,2026-03-26T05:00:00Z,5
SUB-00494,2026-01-25T12:00:00Z,0
SUB-00494,2026-03-08T12:00:00Z,0
SUB-00495,2026-01-22T11:00:00Z,0
SUB-00495,2026-03-05T11:00:00Z,0
SUB-00495,2026-03-19T11:00:00Z,4
SUB-00496,2026-01-19T14:00:00Z,0
SUB-00496,2026-03-02T14:00:00Z,1
SUB-00496,2026-03-23T14:00:00Z,2
SUB-00497,2026-01-26T16:00:00Z,0
SUB-00497,2026-03-09T16:00:00Z,0
SUB-00498,2026-01-17T13:00:00Z,0
SUB-00498,2026-02-28T13:00:00Z,1
SUB-00498,2026-03-07T13:00:00Z,4
SUB-00499,2026-01-27T18:00:00Z,0
SUB-00499,2026-03-10T18:00:00Z,0
SUB-00499,2026-03-31T18:00:00Z,4
SUB-00500,2026-01-29T21:00:00Z,0
SUB-00500,2026-03-12T21:00:00Z,0
SUB-00500,2026-04-09T21:00:00Z,3
SUB-00501,2026-01-21T18:00:00Z,0
SUB-00501,2026-03-04T18:00:00Z,0
SUB-00502,2026-01-18T06:00:00Z,0
SUB-00502,2026-03-01T06:00:00Z,1
SUB-00503,2026-01-22T10:00:00Z,0
SUB-00503,2026-03-05T10:00:00Z,0
SUB-00503,2026-03-12T10:00:00Z,7
SUB-00504,2026-01-26T03:00:00Z,0
SUB-00504,2026-03-09T03:00:00Z,0
SUB-00504,2026-04-01T03:00:00Z,4
SUB-00505,2026-01-22T06:00:00Z,0
SUB-00505,2026-03-05T06:00:00Z,0
SUB-00506,2026-01-20T07:00:00Z,0
SUB-00506,2026-03-03T07:00:00Z,0
SUB-00507,2026-01-18T10:00:00Z,0
SUB-00507,2026-03-01T10:00:00Z,0
SUB-00508,2026-01-26T21:00:00Z,0
SUB-00508,2026-03-09T21:00:00Z,0
SUB-00509,2026-01-29T03:00:00Z,0
SUB-00509,2026-03-12T03:00:00Z,1
SUB-00510,2026-01-24T08:00:00Z,0
SUB-00510,2026-03-07T08:00:00Z,0
SUB-00510,2026-03-23T08:00:00Z,4
SUB-00511,2026-01-29T10:00:00Z,0
SUB-00511,2026-03-12T10:00:00Z,0
SUB-00512,2026-01-17T07:00:00Z,0
SUB-00512,2026-02-28T07:00:00Z,0
SUB-00512,2026-03-05T07:00:00Z,3
SUB-00513,2026-01-25T20:00:00Z,1
SUB-00513,2026-03-08T20:00:00Z,2
SUB-00513,2026-03-28T20:00:00Z,4
SUB-00514,2026-01-17T19:00:00Z,0
SUB-00514,2026-02-28T19:00:00Z,0
SUB-00514,2026-03-19T19:00:00Z,3
SUB-00515,2026-01-23T09:00:00Z,0
SUB-00515,2026-03-06T09:00:00Z,0
SUB-00515,2026-04-04T09:00:00Z,2
SUB-00516,2026-01-26T16:00:00Z,0
SUB-00516,2026-03-09T16:00:00Z,1
SUB-00516,2026-03-21T16:00:00Z,3
SUB-00517,2026-01-19T21:00:00Z,0
SUB-00517,2026-03-02T21:00:00Z,1
SUB-00517,2026-03-24T21:00:00Z,5
SUB-00518,2026-01-27T13:00:00Z,0
SUB-00518,2026-03-10T13:00:00Z,1
SUB-00518,2026-03-29T13:00:00Z,10
SUB-00519,2026-01-19T13:00:00Z,0
SUB-00519,2026-03-02T13:00:00Z,0
SUB-00520,2026-01-17T16:00:00Z,1
SUB-00520,2026-02-28T16:00:00Z,2
SUB-00520,2026-03-21T16:00:00Z,7
SUB-00521,2026-01-22T21:00:00Z,1
SUB-00521,2026-03-05T21:00:00Z,2
SUB-00521,2026-04-03T21:00:00Z,4
SUB-00522,2026-01-16T09:00:00Z,0
SUB-00522,2026-02-27T09:00:00Z,0
SUB-00522,2026-03-15T09:00:00Z,4
SUB-00523,2026-01-21T14:00:00Z,0
SUB-00523,2026-03-04T14:00:00Z,0
SUB-00524,2026-01-24T01:00:00Z,0
SUB-00524,2026-03-07T01:00:00Z,1
SUB-00524,2026-03-22T01:00:00Z,3
SUB-00525,2026-01-28T12:00:00Z,0
SUB-00525,2026-03-11T12:00:00Z,0
SUB-00525,2026-04-09T12:00:00Z,4
SUB-00526,2026-01-21T16:00:00Z,0
SUB-00526,2026-03-04T16:00:00Z,0
SUB-00527,2026-01-24T04:00:00Z,1
SUB-00527,2026-03-07T04:00:00Z,2
SUB-00527,2026-03-17T04:00:00Z,5
SUB-00528,2026-01-23T11:00:00Z,1
SUB-00528,2026-03-06T11:00:00Z,2
SUB-00529,2026-01-20T19:00:00Z,0
SUB-00529,2026-03-03T19:00:00Z,0
SUB-00529,2026-03-24T19:00:00Z,3
SUB-00530,2026-01-25T15:00:00Z,0
SUB-00530,2026-03-08T15:00:00Z,0
SUB-00531,2026-01-24T18:00:00Z,0
SUB-00531,2026-03-07T18:00:00Z,0
SUB-00531,2026-04-01T18:00:00Z,5
SUB-00532,2026-01-26T23:00:00Z,0
SUB-00532,2026-03-09T23:00:00Z,1
SUB-00532,2026-03-23T23:00:00Z,5
SUB-00533,2026-01-29T07:00:00Z,1
SUB-00533,2026-03-12T07:00:00Z,2
SUB-00533,2026-04-05T07:00:00Z,7
SUB-00534,2026-01-25T09:00:00Z,0
SUB-00534,2026-03-08T09:00:00Z,1
SUB-00535,2026-01-19T09:00:00Z,0
SUB-00535,2026-03-02T09:00:00Z,0
SUB-00536,2026-01-24T08:00:00Z,0
SUB-00536,2026-03-07T08:00:00Z,1
SUB-00536,2026-03-30T08:00:00Z,6
SUB-00537,2026-01-22T20:00:00Z,0
SUB-00537,2026-03-05T20:00:00Z,0
SUB-00538,2026-01-22T07:00:00Z,0
SUB-00538,2026-03-05T07:00:00Z,1
SUB-00539,2026-01-28T15:00:00Z,0
SUB-00539,2026-03-11T15:00:00Z,0
SUB-00539,2026-03-30T15:00:00Z,3
SUB-00540,2026-01-28T13:00:00Z,0
SUB-00540,2026-03-11T13:00:00Z,0
SUB-00541,2026-01-28T03:00:00Z,0
SUB-00541,2026-03-11T03:00:00Z,0
SUB-00541,2026-03-25T03:00:00Z,4
SUB-00542,2026-01-21T17:00:00Z,0
SUB-00542,2026-03-04T17:00:00Z,0
SUB-00543,2026-01-17T12:00:00Z,0
SUB-00543,2026-02-28T12:00:00Z,0
SUB-00544,2026-01-21T00:00:00Z,0
SUB-00544,2026-03-04T00:00:00Z,0
SUB-00544,2026-03-12T00:00:00Z,3
SUB-00545,2026-01-27T12:00:00Z,0
SUB-00545,2026-03-10T12:00:00Z,0
SUB-00545,2026-03-16T12:00:00Z,4
SUB-00546,2026-01-19T03:00:00Z,0
SUB-00546,2026-03-02T03:00:00Z,1
SUB-00547,2026-01-25T23:00:00Z,0
SUB-00547,2026-03-08T23:00:00Z,1
SUB-00547,2026-03-15T23:00:00Z,5
SUB-00548,2026-01-26T20:00:00Z,1
SUB-00548,2026-03-09T20:00:00Z,2
SUB-00549,2026-01-26T00:00:00Z,0
SUB-00549,2026-03-09T00:00:00Z,0
SUB-00550,2026-01-18T04:00:00Z,0
SUB-00550,2026-03-01T04:00:00Z,0
SUB-00551,2026-01-20T13:00:00Z,0
SUB-00551,2026-03-03T13:00:00Z,1
SUB-00551,2026-03-27T13:00:00Z,6
SUB-00552,2026-01-19T06:00:00Z,1
SUB-00552,2026-03-02T06:00:00Z,2
SUB-00553,2026-01-21T23:00:00Z,0
SUB-00553,2026-03-04T23:00:00Z,0
SUB-00553,2026-03-26T23:00:00Z,3
SUB-00554,2026-01-29T09:00:00Z,0
SUB-00554,2026-03-12T09:00:00Z,0
SUB-00555,2026-01-17T06:00:00Z,0
SUB-00555,2026-02-28T06:00:00Z,1
SUB-00555,2026-03-24T06:00:00Z,3
SUB-00556,2026-01-20T16:00:00Z,0
SUB-00556,2026-03-03T16:00:00Z,0
SUB-00556,2026-03-18T16:00:00Z,1
SUB-00557,2026-01-29T07:00:00Z,0
SUB-00557,2026-03-12T07:00:00Z,0
SUB-00557,2026-04-10T07:00:00Z,1
SUB-00558,2026-01-29T17:00:00Z,0
SUB-00558,2026-03-12T17:00:00Z,1
SUB-00559,2026-01-28T05:00:00Z,0
SUB-00559,2026-03-11T05:00:00Z,1
SUB-00559,2026-04-09T05:00:00Z,4
SUB-00560,2026-01-23T03:00:00Z,0
SUB-00560,2026-03-06T03:00:00Z,1
SUB-00561,2026-01-21T12:00:00Z,0
SUB-00561,2026-03-04T12:00:00Z,0
SUB-00561,2026-03-19T12:00:00Z,8
SUB-00562,2026-01-26T20:00:00Z,0
SUB-00562,2026-03-09T20:00:00Z,1
SUB-00562,2026-04-02T20:00:00Z,4
SUB-00563,2026-01-22T08:00:00Z,0
SUB-00563,2026-03-05T08:00:00Z,0
SUB-00563,2026-04-03T08:00:00Z,8
SUB-00564,2026-01-21T09:00:00Z,0
SUB-00564,2026-03-04T09:00:00Z,0
SUB-00564,2026-03-15T09:00:00Z,4
SUB-00565,2026-01-23T06:00:00Z,1
SUB-00565,2026-03-06T06:00:00Z,2
SUB-00566,2026-01-24T14:00:00Z,0
SUB-00566,2026-03-07T14:00:00Z,1
SUB-00567,2026-01-29T06:00:00Z,0
SUB-00567,2026-03-12T06:00:00Z,0
SUB-00568,2026-01-22T05:00:00Z,0
SUB-00568,2026-03-05T05:00:00Z,0
SUB-00568,2026-03-26T05:00:00Z,4
SUB-00569,2026-01-21T18:00:00Z,0
SUB-00569,2026-03-04T18:00:00Z,0
SUB-00569,2026-03-28T18:00:00Z,3
SUB-00570,2026-01-29T14:00:00Z,0
SUB-00570,2026-03-12T14:00:00Z,0
SUB-00570,2026-03-19T14:00:00Z,3
SUB-00571,2026-01-19T11:00:00Z,0
SUB-00571,2026-03-02T11:00:00Z,0
SUB-00571,2026-03-14T11:00:00Z,7
SUB-00572,2026-01-21T13:00:00Z,0
SUB-00572,2026-03-04T13:00:00Z,1
SUB-00572,2026-03-22T13:00:00Z,4
SUB-00573,2026-01-25T09:00:00Z,0
SUB-00573,2026-03-08T09:00:00Z,0
SUB-00574,2026-01-16T10:00:00Z,0
SUB-00574,2026-02-27T10:00:00Z,1
SUB-00575,2026-01-25T20:00:00Z,0
SUB-00575,2026-03-08T20:00:00Z,1
SUB-00576,2026-01-26T23:00:00Z,2
SUB-00576,2026-03-09T23:00:00Z,3
SUB-00577,2026-01-18T16:00:00Z,0
SUB-00577,2026-03-01T16:00:00Z,0
SUB-00577,2026-03-08T16:00:00Z,5
SUB-00578,2026-01-30T05:00:00Z,0
SUB-00578,2026-03-13T05:00:00Z,0
SUB-00579,2026-01-25T17:00:00Z,0
SUB-00579,2026-03-08T17:00:00Z,0
SUB-00579,2026-03-30T17:00:00Z,3
SUB-00580,2026-01-28T19:00:00Z,0
SUB-00580,2026-03-11T19:00:00Z,0
SUB-00581,2026-01-29T15:00:00Z,0
SUB-00581,2026-03-12T15:00:00Z,0
SUB-00581,2026-03-17T15:00:00Z,3
SUB-00582,2026-01-16T12:00:00Z,0
SUB-00582,2026-02-27T12:00:00Z,1
SUB-00582,2026-03-08T12:00:00Z,6
SUB-00583,2026-01-18T02:00:00Z,2
SUB-00583,2026-03-01T02:00:00Z,3
SUB-00584,2026-01-27T11:00:00Z,0
SUB-00584,2026-03-10T11:00:00Z,1
SUB-00584,2026-04-04T11:00:00Z,6
SUB-00585,2026-01-23T05:00:00Z,0
SUB-00585,2026-03-06T05:00:00Z,0
SUB-00585,2026-03-16T05:00:00Z,6
SUB-00586,2026-01-23T11:00:00Z,0
SUB-00586,2026-03-06T11:00:00Z,1
SUB-00586,2026-03-30T11:00:00Z,5
SUB-00587,2026-01-29T10:00:00Z,0
SUB-00587,2026-03-12T10:00:00Z,1
SUB-00587,2026-04-10T10:00:00Z,4
SUB-00588,2026-01-27T13:00:00Z,0
SUB-00588,2026-03-10T13:00:00Z,0
SUB-00588,2026-04-02T13:00:00Z,4
SUB-00589,2026-01-18T18:00:00Z,0
SUB-00589,2026-03-01T18:00:00Z,0
SUB-00590,2026-01-28T22:00:00Z,0
SUB-00590,2026-03-11T22:00:00Z,1
SUB-00591,2026-01-24T18:00:00Z,1
SUB-00591,2026-03-07T18:00:00Z,2
SUB-00591,2026-03-25T18:00:00Z,6
SUB-00592,2026-01-22T21:00:00Z,0
SUB-00592,2026-03-05T21:00:00Z,1
SUB-00592,2026-04-02T21:00:00Z,3
SUB-00593,2026-01-17T04:00:00Z,0
SUB-00593,2026-02-28T04:00:00Z,1
SUB-00594,2026-01-21T00:00:00Z,0
SUB-00594,2026-03-04T00:00:00Z,1
SUB-00594,2026-03-18T00:00:00Z,5
SUB-00595,2026-01-26T12:00:00Z,0
SUB-00595,2026-03-09T12:00:00Z,1
SUB-00595,2026-03-15T12:00:00Z,5
SUB-00596,2026-01-29T17:00:00Z,0
SUB-00596,2026-03-12T17:00:00Z,0
SUB-00596,2026-03-29T17:00:00Z,3
SUB-00597,2026-01-21T08:00:00Z,0
SUB-00597,2026-03-04T08:00:00Z,1
SUB-00598,2026-01-28T00:00:00Z,0
SUB-00598,2026-03-11T00:00:00Z,0
SUB-00599,2026-01-20T15:00:00Z,0
SUB-00599,2026-03-03T15:00:00Z,0
SUB-00599,2026-03-24T15:00:00Z,5
SUB-00600,2026-01-20T22:00:00Z,0
SUB-00600,2026-03-03T22:00:00Z,1
SUB-00600,2026-03-21T22:00:00Z,5
SUB-00601,2026-01-21T10:00:00Z,0
SUB-00601,2026-03-04T10:00:00Z,0
SUB-00601,2026-03-30T10:00:00Z,1
SUB-00602,2026-01-28T19:00:00Z,0
SUB-00602,2026-03-11T19:00:00Z,0
SUB-00602,2026-03-17T19:00:00Z,1
SUB-00603,2026-01-29T18:00:00Z,0
SUB-00603,2026-03-12T18:00:00Z,0
SUB-00603,2026-04-03T18:00:00Z,5
SUB-00604,2026-01-17T10:00:00Z,0
SUB-00604,2026-02-28T10:00:00Z,0
SUB-00604,2026-03-15T10:00:00Z,5
SUB-00605,2026-01-21T03:00:00Z,0
SUB-00605,2026-03-04T03:00:00Z,0
SUB-00605,2026-03-25T03:00:00Z,3
SUB-00606,2026-01-16T17:00:00Z,0
SUB-00606,2026-02-27T17:00:00Z,1
SUB-00606,2026-03-13T17:00:00Z,3
SUB-00607,2026-01-20T17:00:00Z,0
SUB-00607,2026-03-03T17:00:00Z,1
SUB-00607,2026-04-01T17:00:00Z,6
SUB-00608,2026-01-27T03:00:00Z,0
SUB-00608,2026-03-10T03:00:00Z,0
SUB-00609,2026-01-19T10:00:00Z,0
SUB-00609,2026-03-02T10:00:00Z,0
SUB-00610,2026-01-24T04:00:00Z,0
SUB-00610,2026-03-07T04:00:00Z,0
SUB-00610,2026-03-20T04:00:00Z,4
SUB-00611,2026-01-28T07:00:00Z,0
SUB-00611,2026-03-11T07:00:00Z,0
SUB-00611,2026-03-27T07:00:00Z,7
SUB-00612,2026-01-18T09:00:00Z,1
SUB-00612,2026-03-01T09:00:00Z,2
SUB-00612,2026-03-25T09:00:00Z,8
SUB-00613,2026-01-27T18:00:00Z,0
SUB-00613,2026-03-10T18:00:00Z,0
SUB-00614,2026-01-29T13:00:00Z,0
SUB-00614,2026-03-12T13:00:00Z,0
SUB-00614,2026-03-31T13:00:00Z,2
SUB-00615,2026-01-27T10:00:00Z,0
SUB-00615,2026-03-10T10:00:00Z,0
SUB-00615,2026-03-19T10:00:00Z,3
SUB-00616,2026-01-17T22:00:00Z,0
SUB-00616,2026-02-28T22:00:00Z,0
SUB-00617,2026-01-28T14:00:00Z,0
SUB-00617,2026-03-11T14:00:00Z,1
SUB-00617,2026-04-08T14:00:00Z,6
SUB-00618,2026-01-25T20:00:00Z,0
SUB-00618,2026-03-08T20:00:00Z,0
SUB-00618,2026-04-03T20:00:00Z,7
SUB-00619,2026-01-19T17:00:00Z,0
SUB-00619,2026-03-02T17:00:00Z,0
SUB-00619,2026-03-25T17:00:00Z,1
SUB-00620,2026-01-24T08:00:00Z,0
SUB-00620,2026-03-07T08:00:00Z,0
SUB-00620,2026-04-03T08:00:00Z,3
SUB-00621,2026-01-29T05:00:00Z,0
SUB-00621,2026-03-12T05:00:00Z,1
SUB-00622,2026-01-21T04:00:00Z,0
SUB-00622,2026-03-04T04:00:00Z,0
SUB-00623,2026-01-27T04:00:00Z,0
SUB-00623,2026-03-10T04:00:00Z,0
SUB-00623,2026-03-31T04:00:00Z,4
SUB-00624,2026-01-19T08:00:00Z,0
SUB-00624,2026-03-02T08:00:00Z,0
SUB-00625,2026-01-28T00:00:00Z,0
SUB-00625,2026-03-11T00:00:00Z,0
SUB-00625,2026-04-05T00:00:00Z,4
SUB-00626,2026-01-20T23:00:00Z,0
SUB-00626,2026-03-03T23:00:00Z,0
SUB-00627,2026-01-22T02:00:00Z,0
SUB-00627,2026-03-05T02:00:00Z,0
SUB-00627,2026-03-24T02:00:00Z,6
SUB-00628,2026-01-19T01:00:00Z,0
SUB-00628,2026-03-02T01:00:00Z,0
SUB-00628,2026-03-08T01:00:00Z,4
SUB-00629,2026-01-30T05:00:00Z,1
SUB-00629,2026-03-13T05:00:00Z,2
SUB-00629,2026-03-25T05:00:00Z,5
SUB-00630,2026-01-28T08:00:00Z,0
SUB-00630,2026-03-11T08:00:00Z,1
SUB-00630,2026-03-24T08:00:00Z,5
SUB-00631,2026-01-19T12:00:00Z,1
SUB-00631,2026-03-02T12:00:00Z,2
SUB-00632,2026-01-24T17:00:00Z,0
SUB-00632,2026-03-07T17:00:00Z,0
SUB-00632,2026-03-12T17:00:00Z,3
SUB-00633,2026-01-29T17:00:00Z,0
SUB-00633,2026-03-12T17:00:00Z,1
SUB-00634,2026-01-17T11:00:00Z,0
SUB-00634,2026-02-28T11:00:00Z,0
SUB-00635,2026-01-29T10:00:00Z,0
SUB-00635,2026-03-12T10:00:00Z,0
SUB-00635,2026-04-02T10:00:00Z,2
SUB-00636,2026-01-19T17:00:00Z,0
SUB-00636,2026-03-02T17:00:00Z,1
SUB-00637,2026-01-27T04:00:00Z,0
SUB-00637,2026-03-10T04:00:00Z,1
SUB-00637,2026-03-23T04:00:00Z,3
SUB-00638,2026-01-19T13:00:00Z,0
SUB-00638,2026-03-02T13:00:00Z,0
SUB-00638,2026-03-09T13:00:00Z,4
SUB-00639,2026-01-23T04:00:00Z,0
SUB-00639,2026-03-06T04:00:00Z,1
SUB-00639,2026-03-27T04:00:00Z,8
SUB-00640,2026-01-20T13:00:00Z,0
SUB-00640,2026-03-03T13:00:00Z,0
SUB-00641,2026-01-16T17:00:00Z,0
SUB-00641,2026-02-27T17:00:00Z,1
SUB-00641,2026-03-26T17:00:00Z,3
SUB-00642,2026-01-19T21:00:00Z,0
SUB-00642,2026-03-02T21:00:00Z,0
SUB-00642,2026-03-30T21:00:00Z,3
SUB-00643,2026-01-29T03:00:00Z,0
SUB-00643,2026-03-12T03:00:00Z,0
SUB-00644,2026-01-23T16:00:00Z,0
SUB-00644,2026-03-06T16:00:00Z,1
SUB-00645,2026-01-25T05:00:00Z,0
SUB-00645,2026-03-08T05:00:00Z,1
SUB-00645,2026-03-20T05:00:00Z,7
SUB-00646,2026-01-30T04:00:00Z,0
SUB-00646,2026-03-13T04:00:00Z,1
SUB-00647,2026-01-27T14:00:00Z,0
SUB-00647,2026-03-10T14:00:00Z,1
SUB-00647,2026-03-21T14:00:00Z,2
SUB-00648,2026-01-25T12:00:00Z,0
SUB-00648,2026-03-08T12:00:00Z,0
SUB-00649,2026-01-27T04:00:00Z,0
SUB-00649,2026-03-10T04:00:00Z,0
SUB-00649,2026-04-05T04:00:00Z,4
SUB-00650,2026-01-18T15:00:00Z,0
SUB-00650,2026-03-01T15:00:00Z,0
SUB-00650,2026-03-30T15:00:00Z,3
SUB-00651,2026-01-17T11:00:00Z,0
SUB-00651,2026-02-28T11:00:00Z,0
SUB-00652,2026-01-21T09:00:00Z,0
SUB-00652,2026-03-04T09:00:00Z,0
SUB-00652,2026-03-12T09:00:00Z,7
SUB-00653,2026-01-25T06:00:00Z,1
SUB-00653,2026-03-08T06:00:00Z,2
SUB-00654,2026-01-20T01:00:00Z,0
SUB-00654,2026-03-03T01:00:00Z,1
SUB-00654,2026-03-17T01:00:00Z,5
SUB-00655,2026-01-23T10:00:00Z,0
SUB-00655,2026-03-06T10:00:00Z,1
SUB-00655,2026-03-31T10:00:00Z,2
SUB-00656,2026-01-27T06:00:00Z,0
SUB-00656,2026-03-10T06:00:00Z,0
SUB-00656,2026-03-22T06:00:00Z,7
SUB-00657,2026-01-17T17:00:00Z,0
SUB-00657,2026-02-28T17:00:00Z,0
SUB-00657,2026-03-21T17:00:00Z,3
SUB-00658,2026-01-27T01:00:00Z,1
SUB-00658,2026-03-10T01:00:00Z,2
SUB-00658,2026-03-31T01:00:00Z,3
SUB-00659,2026-01-26T05:00:00Z,0
SUB-00659,2026-03-09T05:00:00Z,1
SUB-00659,2026-03-18T05:00:00Z,5
SUB-00660,2026-01-23T05:00:00Z,0
SUB-00660,2026-03-06T05:00:00Z,0
SUB-00661,2026-01-28T11:00:00Z,0
SUB-00661,2026-03-11T11:00:00Z,0
SUB-00661,2026-03-19T11:00:00Z,1
SUB-00662,2026-01-25T22:00:00Z,0
SUB-00662,2026-03-08T22:00:00Z,0
SUB-00663,2026-01-27T07:00:00Z,0
SUB-00663,2026-03-10T07:00:00Z,0
SUB-00664,2026-01-22T06:00:00Z,0
SUB-00664,2026-03-05T06:00:00Z,1
SUB-00664,2026-04-03T06:00:00Z,2
SUB-00665,2026-01-22T05:00:00Z,0
SUB-00665,2026-03-05T05:00:00Z,0
SUB-00665,2026-03-15T05:00:00Z,7
SUB-00666,2026-01-27T16:00:00Z,0
SUB-00666,2026-03-10T16:00:00Z,1
SUB-00667,2026-01-29T14:00:00Z,0
SUB-00667,2026-03-12T14:00:00Z,0
SUB-00668,2026-01-18T03:00:00Z,0
SUB-00668,2026-03-01T03:00:00Z,0
SUB-00669,2026-01-29T13:00:00Z,1
SUB-00669,2026-03-12T13:00:00Z,2
SUB-00669,2026-03-25T13:00:00Z,5
SUB-00670,2026-01-26T05:00:00Z,0
SUB-00670,2026-03-09T05:00:00Z,0
SUB-00670,2026-03-29T05:00:00Z,2
SUB-00671,2026-01-20T12:00:00Z,0
SUB-00671,2026-03-03T12:00:00Z,0
SUB-00672,2026-01-20T00:00:00Z,0
SUB-00672,2026-03-03T00:00:00Z,1
SUB-00673,2026-01-26T20:00:00Z,0
SUB-00673,2026-03-09T20:00:00Z,0
SUB-00673,2026-04-01T20:00:00Z,4
SUB-00674,2026-01-27T14:00:00Z,0
SUB-00674,2026-03-10T14:00:00Z,0
SUB-00675,2026-01-28T02:00:00Z,0
SUB-00675,2026-03-11T02:00:00Z,0
SUB-00675,2026-04-02T02:00:00Z,3
SUB-00676,2026-01-27T18:00:00Z,0
SUB-00676,2026-03-10T18:00:00Z,1
SUB-00677,2026-01-24T05:00:00Z,0
SUB-00677,2026-03-07T05:00:00Z,0
SUB-00677,2026-03-31T05:00:00Z,2
SUB-00678,2026-01-27T17:00:00Z,1
SUB-00678,2026-03-10T17:00:00Z,2
SUB-00678,2026-03-19T17:00:00Z,6
SUB-00679,2026-01-21T07:00:00Z,0
SUB-00679,2026-03-04T07:00:00Z,1
SUB-00680,2026-01-22T11:00:00Z,0
SUB-00680,2026-03-05T11:00:00Z,1
SUB-00681,2026-01-25T21:00:00Z,0
SUB-00681,2026-03-08T21:00:00Z,0
SUB-00682,2026-01-23T11:00:00Z,0
SUB-00682,2026-03-06T11:00:00Z,0
SUB-00683,2026-01-19T04:00:00Z,0
SUB-00683,2026-03-02T04:00:00Z,0
SUB-00684,2026-01-19T09:00:00Z,0
SUB-00684,2026-03-02T09:00:00Z,0
SUB-00684,2026-03-29T09:00:00Z,6
SUB-00685,2026-01-25T07:00:00Z,0
SUB-00685,2026-03-08T07:00:00Z,0
SUB-00686,2026-01-27T11:00:00Z,0
SUB-00686,2026-03-10T11:00:00Z,0
SUB-00686,2026-03-16T11:00:00Z,6
SUB-00687,2026-01-17T21:00:00Z,0
SUB-00687,2026-02-28T21:00:00Z,1
SUB-00687,2026-03-21T21:00:00Z,5
SUB-00688,2026-01-24T18:00:00Z,1
SUB-00688,2026-03-07T18:00:00Z,2
SUB-00688,2026-03-19T18:00:00Z,6
SUB-00689,2026-01-17T12:00:00Z,0
SUB-00689,2026-02-28T12:00:00Z,1
SUB-00690,2026-01-19T02:00:00Z,0
SUB-00690,2026-03-02T02:00:00Z,1
SUB-00690,2026-03-26T02:00:00Z,6
SUB-00691,2026-01-19T17:00:00Z,0
SUB-00691,2026-03-02T17:00:00Z,0
SUB-00691,2026-03-07T17:00:00Z,3
SUB-00692,2026-01-27T20:00:00Z,0
SUB-00692,2026-03-10T20:00:00Z,1
SUB-00692,2026-03-25T20:00:00Z,4
SUB-00693,2026-01-17T11:00:00Z,0
SUB-00693,2026-02-28T11:00:00Z,0
SUB-00693,2026-03-13T11:00:00Z,4
SUB-00694,2026-01-27T18:00:00Z,0
SUB-00694,2026-03-10T18:00:00Z,1
SUB-00694,2026-03-20T18:00:00Z,3
SUB-00695,2026-01-24T00:00:00Z,0
SUB-00695,2026-03-07T00:00:00Z,0
SUB-00695,2026-03-27T00:00:00Z,3
SUB-00696,2026-01-28T17:00:00Z,1
SUB-00696,2026-03-11T17:00:00Z,2
SUB-00696,2026-03-28T17:00:00Z,6
SUB-00697,2026-01-19T18:00:00Z,0
SUB-00697,2026-03-02T18:00:00Z,1
SUB-00698,2026-01-25T07:00:00Z,0
SUB-00698,2026-03-08T07:00:00Z,0
SUB-00699,2026-01-25T12:00:00Z,0
SUB-00699,2026-03-08T12:00:00Z,0
SUB-00700,2026-01-24T22:00:00Z,0
SUB-00700,2026-03-07T22:00:00Z,1
SUB-00700,2026-04-01T22:00:00Z,5
SUB-00701,2026-01-24T07:00:00Z,0
SUB-00701,2026-03-07T07:00:00Z,1
SUB-00701,2026-03-31T07:00:00Z,7
SUB-00702,2026-01-20T17:00:00Z,0
SUB-00702,2026-03-03T17:00:00Z,0
SUB-00702,2026-03-20T17:00:00Z,5
SUB-00703,2026-01-16T17:00:00Z,0
SUB-00703,2026-02-27T17:00:00Z,0
SUB-00704,2026-01-26T01:00:00Z,0
SUB-00704,2026-03-09T01:00:00Z,1
SUB-00704,2026-03-24T01:00:00Z,4
SUB-00705,2026-01-22T04:00:00Z,0
SUB-00705,2026-03-05T04:00:00Z,0
SUB-00705,2026-03-14T04:00:00Z,2
SUB-00706,2026-01-17T06:00:00Z,0
SUB-00706,2026-02-28T06:00:00Z,1
SUB-00707,2026-01-20T17:00:00Z,0
SUB-00707,2026-03-03T17:00:00Z,0
SUB-00708,2026-01-21T02:00:00Z,0
SUB-00708,2026-03-04T02:00:00Z,0
SUB-00709,2026-01-20T14:00:00Z,0
SUB-00709,2026-03-03T14:00:00Z,1
SUB-00709,2026-03-26T14:00:00Z,6
SUB-00710,2026-01-25T19:00:00Z,0
SUB-00710,2026-03-08T19:00:00Z,1
SUB-00710,2026-03-19T19:00:00Z,5
SUB-00711,2026-01-23T04:00:00Z,0
SUB-00711,2026-03-06T04:00:00Z,0
SUB-00711,2026-04-01T04:00:00Z,3
SUB-00712,2026-01-18T16:00:00Z,0
SUB-00712,2026-03-01T16:00:00Z,0
SUB-00713,2026-01-22T21:00:00Z,0
SUB-00713,2026-03-05T21:00:00Z,0
SUB-00713,2026-03-21T21:00:00Z,4
SUB-00714,2026-01-18T02:00:00Z,1
SUB-00714,2026-03-01T02:00:00Z,2
SUB-00715,2026-01-21T12:00:00Z,0
SUB-00715,2026-03-04T12:00:00Z,1
SUB-00715,2026-03-10T12:00:00Z,4
SUB-00716,2026-01-27T22:00:00Z,0
SUB-00716,2026-03-10T22:00:00Z,1
SUB-00717,2026-01-18T01:00:00Z,0
SUB-00717,2026-03-01T01:00:00Z,0
SUB-00717,2026-03-06T01:00:00Z,6
SUB-00718,2026-01-22T10:00:00Z,0
SUB-00718,2026-03-05T10:00:00Z,1
SUB-00719,2026-01-17T03:00:00Z,0
SUB-00719,2026-02-28T03:00:00Z,1
SUB-00719,2026-03-27T03:00:00Z,6
SUB-00720,2026-01-19T15:00:00Z,0
SUB-00720,2026-03-02T15:00:00Z,0
SUB-00720,2026-03-09T15:00:00Z,3
SUB-00721,2026-01-21T09:00:00Z,0
SUB-00721,2026-03-04T09:00:00Z,0
SUB-00721,2026-03-25T09:00:00Z,4
SUB-00722,2026-01-20T07:00:00Z,1
SUB-00722,2026-03-03T07:00:00Z,2
SUB-00722,2026-03-26T07:00:00Z,3
SUB-00723,2026-01-22T11:00:00Z,0
SUB-00723,2026-03-05T11:00:00Z,0
SUB-00723,2026-03-30T11:00:00Z,1
SUB-00724,2026-01-29T04:00:00Z,0
SUB-00724,2026-03-12T04:00:00Z,1
SUB-00724,2026-03-27T04:00:00Z,5
SUB-00725,2026-01-22T01:00:00Z,0
SUB-00725,2026-03-05T01:00:00Z,1
SUB-00725,2026-03-23T01:00:00Z,6
SUB-00726,2026-01-17T21:00:00Z,0
SUB-00726,2026-02-28T21:00:00Z,1
SUB-00726,2026-03-07T21:00:00Z,4
SUB-00727,2026-01-28T16:00:00Z,0
SUB-00727,2026-03-11T16:00:00Z,0
SUB-00727,2026-03-26T16:00:00Z,6
SUB-00728,2026-01-26T09:00:00Z,0
SUB-00728,2026-03-09T09:00:00Z,0
SUB-00729,2026-01-16T17:00:00Z,0
SUB-00729,2026-02-27T17:00:00Z,0
SUB-00729,2026-03-13T17:00:00Z,6
SUB-00730,2026-01-17T17:00:00Z,0
SUB-00730,2026-02-28T17:00:00Z,1
SUB-00730,2026-03-13T17:00:00Z,5
SUB-00731,2026-01-23T08:00:00Z,0
SUB-00731,2026-03-06T08:00:00Z,0
SUB-00731,2026-03-22T08:00:00Z,6
SUB-00732,2026-01-18T12:00:00Z,0
SUB-00732,2026-03-01T12:00:00Z,0
SUB-00732,2026-03-13T12:00:00Z,2
SUB-00733,2026-01-27T22:00:00Z,0
SUB-00733,2026-03-10T22:00:00Z,0
SUB-00734,2026-01-27T11:00:00Z,0
SUB-00734,2026-03-10T11:00:00Z,1
SUB-00735,2026-01-17T11:00:00Z,0
SUB-00735,2026-02-28T11:00:00Z,0
SUB-00735,2026-03-26T11:00:00Z,3
SUB-00736,2026-01-22T05:00:00Z,0
SUB-00736,2026-03-05T05:00:00Z,1
SUB-00737,2026-01-25T00:00:00Z,0
SUB-00737,2026-03-08T00:00:00Z,0
SUB-00738,2026-01-29T15:00:00Z,0
SUB-00738,2026-03-12T15:00:00Z,0
SUB-00738,2026-04-05T15:00:00Z,6
SUB-00739,2026-01-26T10:00:00Z,0
SUB-00739,2026-03-09T10:00:00Z,1
SUB-00739,2026-03-16T10:00:00Z,4
SUB-00740,2026-01-17T06:00:00Z,0
SUB-00740,2026-02-28T06:00:00Z,1
SUB-00741,2026-01-20T01:00:00Z,0
SUB-00741,2026-03-03T01:00:00Z,1
SUB-00742,2026-01-18T12:00:00Z,0
SUB-00742,2026-03-01T12:00:00Z,0
SUB-00743,2026-01-29T05:00:00Z,0
SUB-00743,2026-03-12T05:00:00Z,0
SUB-00744,2026-01-29T12:00:00Z,0
SUB-00744,2026-03-12T12:00:00Z,0
SUB-00744,2026-04-10T12:00:00Z,2
SUB-00745,2026-01-28T06:00:00Z,0
SUB-00745,2026-03-11T06:00:00Z,0
SUB-00745,2026-04-01T06:00:00Z,5
SUB-00746,2026-01-20T21:00:00Z,0
SUB-00746,2026-03-03T21:00:00Z,0
SUB-00747,2026-01-17T13:00:00Z,0
SUB-00747,2026-02-28T13:00:00Z,0
SUB-00747,2026-03-18T13:00:00Z,4
SUB-00748,2026-01-22T22:00:00Z,0
SUB-00748,2026-03-05T22:00:00Z,0
SUB-00748,2026-03-24T22:00:00Z,7
SUB-00749,2026-01-21T09:00:00Z,0
SUB-00749,2026-03-04T09:00:00Z,0
SUB-00749,2026-03-14T09:00:00Z,3
SUB-00750,2026-01-28T18:00:00Z,0
SUB-00750,2026-03-11T18:00:00Z,0
SUB-00751,2026-01-23T03:00:00Z,0
SUB-00751,2026-03-06T03:00:00Z,1
SUB-00752,2026-01-18T05:00:00Z,0
SUB-00752,2026-03-01T05:00:00Z,0
SUB-00753,2026-01-23T14:00:00Z,0
SUB-00753,2026-03-06T14:00:00Z,0
SUB-00754,2026-01-29T07:00:00Z,0
SUB-00754,2026-03-12T07:00:00Z,0
SUB-00755,2026-01-18T12:00:00Z,0
SUB-00755,2026-03-01T12:00:00Z,0
SUB-00755,2026-03-06T12:00:00Z,4
SUB-00756,2026-01-24T02:00:00Z,0
SUB-00756,2026-03-07T02:00:00Z,1
SUB-00757,2026-01-21T13:00:00Z,0
SUB-00757,2026-03-04T13:00:00Z,0
SUB-00757,2026-03-16T13:00:00Z,7
SUB-00758,2026-01-22T04:00:00Z,0
SUB-00758,2026-03-05T04:00:00Z,0
SUB-00758,2026-03-20T04:00:00Z,3
SUB-00759,2026-01-25T05:00:00Z,0
SUB-00759,2026-03-08T05:00:00Z,0
SUB-00759,2026-04-05T05:00:00Z,6
SUB-00760,2026-01-29T05:00:00Z,0
SUB-00760,2026-03-12T05:00:00Z,0
SUB-00761,2026-01-28T00:00:00Z,0
SUB-00761,2026-03-11T00:00:00Z,0
SUB-00762,2026-01-25T18:00:00Z,0
SUB-00762,2026-03-08T18:00:00Z,0
SUB-00763,2026-01-22T06:00:00Z,0
SUB-00763,2026-03-05T06:00:00Z,0
SUB-00763,2026-03-28T06:00:00Z,3
SUB-00764,2026-01-27T13:00:00Z,0
SUB-00764,2026-03-10T13:00:00Z,1
SUB-00764,2026-04-06T13:00:00Z,2
SUB-00765,2026-01-18T22:00:00Z,0
SUB-00765,2026-03-01T22:00:00Z,0
SUB-00765,2026-03-22T22:00:00Z,4
SUB-00766,2026-01-24T10:00:00Z,0
SUB-00766,2026-03-07T10:00:00Z,0
SUB-00766,2026-03-19T10:00:00Z,4
SUB-00767,2026-01-19T10:00:00Z,0
SUB-00767,2026-03-02T10:00:00Z,0
SUB-00768,2026-01-20T15:00:00Z,0
SUB-00768,2026-03-03T15:00:00Z,1
SUB-00769,2026-01-16T15:00:00Z,0
SUB-00769,2026-02-27T15:00:00Z,0
SUB-00769,2026-03-15T15:00:00Z,7
SUB-00770,2026-01-27T17:00:00Z,0
SUB-00770,2026-03-10T17:00:00Z,1
SUB-00771,2026-01-17T16:00:00Z,0
SUB-00771,2026-02-28T16:00:00Z,0
SUB-00772,2026-01-26T05:00:00Z,2
SUB-00772,2026-03-09T05:00:00Z,3
SUB-00772,2026-03-20T05:00:00Z,8
SUB-00773,2026-01-27T09:00:00Z,1
SUB-00773,2026-03-10T09:00:00Z,2
SUB-00773,2026-03-25T09:00:00Z,7
SUB-00774,2026-01-24T00:00:00Z,0
SUB-00774,2026-03-07T00:00:00Z,1
SUB-00775,2026-01-29T04:00:00Z,0
SUB-00775,2026-03-12T04:00:00Z,0
SUB-00775,2026-03-31T04:00:00Z,5
SUB-00776,2026-01-21T13:00:00Z,0
SUB-00776,2026-03-04T13:00:00Z,0
SUB-00776,2026-04-01T13:00:00Z,8
SUB-00777,2026-01-27T17:00:00Z,0
SUB-00777,2026-03-10T17:00:00Z,0
SUB-00778,2026-01-28T06:00:00Z,2
SUB-00778,2026-03-11T06:00:00Z,3
SUB-00778,2026-04-08T06:00:00Z,9
SUB-00779,2026-01-20T18:00:00Z,0
SUB-00779,2026-03-03T18:00:00Z,0
SUB-00779,2026-03-09T18:00:00Z,5
SUB-00780,2026-01-17T05:00:00Z,0
SUB-00780,2026-02-28T05:00:00Z,0
SUB-00781,2026-01-28T14:00:00Z,0
SUB-00781,2026-03-11T14:00:00Z,1
SUB-00781,2026-04-05T14:00:00Z,7
SUB-00782,2026-01-24T06:00:00Z,0
SUB-00782,2026-03-07T06:00:00Z,0
SUB-00782,2026-04-01T06:00:00Z,4
SUB-00783,2026-01-20T01:00:00Z,0
SUB-00783,2026-03-03T01:00:00Z,0
SUB-00784,2026-01-27T13:00:00Z,0
SUB-00784,2026-03-10T13:00:00Z,1
SUB-00785,2026-01-22T02:00:00Z,0
SUB-00785,2026-03-05T02:00:00Z,1
SUB-00785,2026-03-28T02:00:00Z,7
SUB-00786,2026-01-27T03:00:00Z,0
SUB-00786,2026-03-10T03:00:00Z,0
SUB-00787,2026-01-23T23:00:00Z,0
SUB-00787,2026-03-06T23:00:00Z,0
SUB-00788,2026-01-29T21:00:00Z,0
SUB-00788,2026-03-12T21:00:00Z,0
SUB-00789,2026-01-20T11:00:00Z,0
SUB-00789,2026-03-03T11:00:00Z,1
SUB-00790,2026-01-16T15:00:00Z,0
SUB-00790,2026-02-27T15:00:00Z,0
SUB-00790,2026-03-25T15:00:00Z,3
SUB-00791,2026-01-26T18:00:00Z,0
SUB-00791,2026-03-09T18:00:00Z,1
SUB-00792,2026-01-20T18:00:00Z,0
SUB-00792,2026-03-03T18:00:00Z,0
SUB-00793,2026-01-18T03:00:00Z,0
SUB-00793,2026-03-01T03:00:00Z,0
SUB-00793,2026-03-18T03:00:00Z,3
SUB-00794,2026-01-23T02:00:00Z,0
SUB-00794,2026-03-06T02:00:00Z,0
SUB-00794,2026-04-02T02:00:00Z,4
SUB-00795,2026-01-26T18:00:00Z,0
SUB-00795,2026-03-09T18:00:00Z,1
SUB-00796,2026-01-21T15:00:00Z,0
SUB-00796,2026-03-04T15:00:00Z,0
SUB-00796,2026-03-22T15:00:00Z,5
SUB-00797,2026-01-21T18:00:00Z,0
SUB-00797,2026-03-04T18:00:00Z,1
SUB-00798,2026-01-23T13:00:00Z,0
SUB-00798,2026-03-06T13:00:00Z,0
SUB-00799,2026-01-27T10:00:00Z,0
SUB-00799,2026-03-10T10:00:00Z,1
SUB-00799,2026-04-08T10:00:00Z,4
SUB-00800,2026-01-19T18:00:00Z,0
SUB-00800,2026-03-02T18:00:00Z,1
SUB-00800,2026-03-22T18:00:00Z,2
SUB-00801,2026-01-20T15:00:00Z,0
SUB-00801,2026-03-03T15:00:00Z,1
SUB-00801,2026-03-14T15:00:00Z,6
SUB-00802,2026-01-29T20:00:00Z,0
SUB-00802,2026-03-12T20:00:00Z,1
SUB-00803,2026-01-24T03:00:00Z,1
SUB-00803,2026-03-07T03:00:00Z,2
SUB-00803,2026-03-22T03:00:00Z,5
SUB-00804,2026-01-30T07:00:00Z,0
SUB-00804,2026-03-13T07:00:00Z,0
SUB-00804,2026-04-07T07:00:00Z,4
SUB-00805,2026-01-19T06:00:00Z,0
SUB-00805,2026-03-02T06:00:00Z,1
SUB-00806,2026-01-28T11:00:00Z,0
SUB-00806,2026-03-11T11:00:00Z,1
SUB-00807,2026-01-19T12:00:00Z,0
SUB-00807,2026-03-02T12:00:00Z,0
SUB-00808,2026-01-22T23:00:00Z,0
SUB-00808,2026-03-05T23:00:00Z,0
SUB-00808,2026-03-30T23:00:00Z,4
SUB-00809,2026-01-19T04:00:00Z,0
SUB-00809,2026-03-02T04:00:00Z,0
SUB-00810,2026-01-16T15:00:00Z,0
SUB-00810,2026-02-27T15:00:00Z,0
SUB-00811,2026-01-18T16:00:00Z,0
SUB-00811,2026-03-01T16:00:00Z,0
SUB-00812,2026-01-25T10:00:00Z,0
SUB-00812,2026-03-08T10:00:00Z,1
SUB-00812,2026-03-20T10:00:00Z,2
SUB-00813,2026-01-21T09:00:00Z,0
SUB-00813,2026-03-04T09:00:00Z,0
SUB-00813,2026-03-30T09:00:00Z,3
SUB-00814,2026-01-18T14:00:00Z,0
SUB-00814,2026-03-01T14:00:00Z,1
SUB-00814,2026-03-14T14:00:00Z,2
SUB-00815,2026-01-24T10:00:00Z,0
SUB-00815,2026-03-07T10:00:00Z,0
SUB-00815,2026-03-18T10:00:00Z,1
SUB-00816,2026-01-29T08:00:00Z,0
SUB-00816,2026-03-12T08:00:00Z,1
SUB-00816,2026-03-24T08:00:00Z,6
SUB-00817,2026-01-18T04:00:00Z,0
SUB-00817,2026-03-01T04:00:00Z,1
SUB-00817,2026-03-27T04:00:00Z,2
SUB-00818,2026-01-28T09:00:00Z,0
SUB-00818,2026-03-11T09:00:00Z,0
SUB-00818,2026-04-06T09:00:00Z,5
SUB-00819,2026-01-29T01:00:00Z,0
SUB-00819,2026-03-12T01:00:00Z,0
SUB-00819,2026-04-10T01:00:00Z,5
SUB-00820,2026-01-20T17:00:00Z,0
SUB-00820,2026-03-03T17:00:00Z,1
SUB-00820,2026-03-17T17:00:00Z,5
SUB-00821,2026-01-24T19:00:00Z,0
SUB-00821,2026-03-07T19:00:00Z,0
SUB-00821,2026-03-24T19:00:00Z,7
SUB-00822,2026-01-24T00:00:00Z,0
SUB-00822,2026-03-07T00:00:00Z,0
SUB-00822,2026-03-24T00:00:00Z,2
SUB-00823,2026-01-19T14:00:00Z,0
SUB-00823,2026-03-02T14:00:00Z,0
SUB-00823,2026-03-27T14:00:00Z,5
SUB-00824,2026-01-20T05:00:00Z,0
SUB-00824,2026-03-03T05:00:00Z,0
SUB-00824,2026-03-15T05:00:00Z,5
SUB-00825,2026-01-26T02:00:00Z,0
SUB-00825,2026-03-09T02:00:00Z,0
SUB-00826,2026-01-25T16:00:00Z,0
SUB-00826,2026-03-08T16:00:00Z,0
SUB-00826,2026-03-20T16:00:00Z,3
SUB-00827,2026-01-28T08:00:00Z,0
SUB-00827,2026-03-11T08:00:00Z,0
SUB-00827,2026-03-16T08:00:00Z,3
SUB-00828,2026-01-20T00:00:00Z,0
SUB-00828,2026-03-03T00:00:00Z,0
SUB-00828,2026-03-11T00:00:00Z,4
SUB-00829,2026-01-20T06:00:00Z,0
SUB-00829,2026-03-03T06:00:00Z,1
SUB-00830,2026-01-25T06:00:00Z,1
SUB-00830,2026-03-08T06:00:00Z,2
SUB-00831,2026-01-19T00:00:00Z,0
SUB-00831,2026-03-02T00:00:00Z,0
SUB-00832,2026-01-19T02:00:00Z,0
SUB-00832,2026-03-02T02:00:00Z,1
SUB-00833,2026-01-25T20:00:00Z,0
SUB-00833,2026-03-08T20:00:00Z,0
SUB-00834,2026-01-21T02:00:00Z,0
SUB-00834,2026-03-04T02:00:00Z,0
SUB-00835,2026-01-20T08:00:00Z,0
SUB-00835,2026-03-03T08:00:00Z,0
SUB-00836,2026-01-21T01:00:00Z,0
SUB-00836,2026-03-04T01:00:00Z,1
SUB-00837,2026-01-27T18:00:00Z,0
SUB-00837,2026-03-10T18:00:00Z,0
SUB-00838,2026-01-21T01:00:00Z,0
SUB-00838,2026-03-04T01:00:00Z,1
SUB-00839,2026-01-28T10:00:00Z,0
SUB-00839,2026-03-11T10:00:00Z,1
SUB-00840,2026-01-20T14:00:00Z,1
SUB-00840,2026-03-03T14:00:00Z,2
SUB-00840,2026-03-19T14:00:00Z,4
SUB-00841,2026-01-20T05:00:00Z,1
SUB-00841,2026-03-03T05:00:00Z,2
SUB-00841,2026-03-12T05:00:00Z,7
SUB-00842,2026-01-17T17:00:00Z,0
SUB-00842,2026-02-28T17:00:00Z,0
SUB-00843,2026-01-28T10:00:00Z,0
SUB-00843,2026-03-11T10:00:00Z,1
SUB-00843,2026-04-01T10:00:00Z,5
SUB-00844,2026-01-28T01:00:00Z,0
SUB-00844,2026-03-11T01:00:00Z,0
SUB-00845,2026-01-22T11:00:00Z,0
SUB-00845,2026-03-05T11:00:00Z,0
SUB-00845,2026-03-10T11:00:00Z,1
SUB-00846,2026-01-19T06:00:00Z,0
SUB-00846,2026-03-02T06:00:00Z,1
SUB-00847,2026-01-25T20:00:00Z,0
SUB-00847,2026-03-08T20:00:00Z,0
SUB-00847,2026-04-03T20:00:00Z,9
SUB-00848,2026-01-19T02:00:00Z,0
SUB-00848,2026-03-02T02:00:00Z,0
SUB-00848,2026-03-09T02:00:00Z,3
SUB-00849,2026-01-17T03:00:00Z,0
SUB-00849,2026-02-28T03:00:00Z,1
SUB-00850,2026-01-24T23:00:00Z,0
SUB-00850,2026-03-07T23:00:00Z,1
SUB-00851,2026-01-17T11:00:00Z,1
SUB-00851,2026-02-28T11:00:00Z,2
SUB-00851,2026-03-11T11:00:00Z,5
SUB-00852,2026-01-24T01:00:00Z,0
SUB-00852,2026-03-07T01:00:00Z,1
SUB-00853,2026-01-20T02:00:00Z,0
SUB-00853,2026-03-03T02:00:00Z,0
SUB-00853,2026-03-15T02:00:00Z,4
SUB-00854,2026-01-25T21:00:00Z,0
SUB-00854,2026-03-08T21:00:00Z,0
SUB-00854,2026-03-23T21:00:00Z,4
SUB-00855,2026-01-25T09:00:00Z,0
SUB-00855,2026-03-08T09:00:00Z,0
SUB-00856,2026-01-28T23:00:00Z,0
SUB-00856,2026-03-11T23:00:00Z,1
SUB-00857,2026-01-23T20:00:00Z,1
SUB-00857,2026-03-06T20:00:00Z,2
SUB-00857,2026-03-17T20:00:00Z,6
SUB-00858,2026-01-29T04:00:00Z,0
SUB-00858,2026-03-12T04:00:00Z,1
SUB-00859,2026-01-26T11:00:00Z,0
SUB-00859,2026-03-09T11:00:00Z,0
SUB-00859,2026-03-25T11:00:00Z,4
SUB-00860,2026-01-29T01:00:00Z,0
SUB-00860,2026-03-12T01:00:00Z,0
SUB-00861,2026-01-23T18:00:00Z,1
SUB-00861,2026-03-06T18:00:00Z,2
SUB-00861,2026-03-15T18:00:00Z,4
SUB-00862,2026-01-20T05:00:00Z,0
SUB-00862,2026-03-03T05:00:00Z,1
SUB-00862,2026-03-13T05:00:00Z,2
SUB-00863,2026-01-23T08:00:00Z,0
SUB-00863,2026-03-06T08:00:00Z,1
SUB-00863,2026-03-14T08:00:00Z,3
SUB-00864,2026-01-18T04:00:00Z,0
SUB-00864,2026-03-01T04:00:00Z,1
SUB-00865,2026-01-19T04:00:00Z,0
SUB-00865,2026-03-02T04:00:00Z,1
SUB-00865,2026-03-15T04:00:00Z,9
SUB-00866,2026-01-18T11:00:00Z,1
SUB-00866,2026-03-01T11:00:00Z,2
SUB-00867,2026-01-18T09:00:00Z,0
SUB-00867,2026-03-01T09:00:00Z,0
SUB-00868,2026-01-16T12:00:00Z,0
SUB-00868,2026-02-27T12:00:00Z,0
SUB-00868,2026-03-09T12:00:00Z,4
SUB-00869,2026-01-18T17:00:00Z,0
SUB-00869,2026-03-01T17:00:00Z,1
SUB-00870,2026-01-20T13:00:00Z,0
SUB-00870,2026-03-03T13:00:00Z,0
SUB-00870,2026-04-01T13:00:00Z,3
SUB-00871,2026-01-21T09:00:00Z,0
SUB-00871,2026-03-04T09:00:00Z,1
SUB-00871,2026-03-21T09:00:00Z,5
SUB-00872,2026-01-18T07:00:00Z,0
SUB-00872,2026-03-01T07:00:00Z,1
SUB-00872,2026-03-14T07:00:00Z,5
SUB-00873,2026-01-19T03:00:00Z,0
SUB-00873,2026-03-02T03:00:00Z,0
SUB-00874,2026-01-25T02:00:00Z,0
SUB-00874,2026-03-08T02:00:00Z,0
SUB-00874,2026-04-04T02:00:00Z,1
SUB-00875,2026-01-18T17:00:00Z,0
SUB-00875,2026-03-01T17:00:00Z,0
SUB-00876,2026-01-23T12:00:00Z,0
SUB-00876,2026-03-06T12:00:00Z,0
SUB-00876,2026-03-27T12:00:00Z,8
SUB-00877,2026-01-17T11:00:00Z,0
SUB-00877,2026-02-28T11:00:00Z,1
SUB-00877,2026-03-06T11:00:00Z,2
SUB-00878,2026-01-19T21:00:00Z,0
SUB-00878,2026-03-02T21:00:00Z,0
SUB-00878,2026-03-08T21:00:00Z,4
SUB-00879,2026-01-30T00:00:00Z,0
SUB-00879,2026-03-13T00:00:00Z,0
SUB-00879,2026-03-26T00:00:00Z,7
SUB-00880,2026-01-25T07:00:00Z,0
SUB-00880,2026-03-08T07:00:00Z,1
SUB-00881,2026-01-18T15:00:00Z,0
SUB-00881,2026-03-01T15:00:00Z,0
SUB-00881,2026-03-24T15:00:00Z,4
SUB-00882,2026-01-18T10:00:00Z,0
SUB-00882,2026-03-01T10:00:00Z,0
SUB-00883,2026-01-20T21:00:00Z,0
SUB-00883,2026-03-03T21:00:00Z,1
SUB-00884,2026-01-19T01:00:00Z,0
SUB-00884,2026-03-02T01:00:00Z,0
SUB-00885,2026-01-20T19:00:00Z,0
SUB-00885,2026-03-03T19:00:00Z,0
SUB-00886,2026-01-28T17:00:00Z,1
SUB-00886,2026-03-11T17:00:00Z,2
SUB-00887,2026-01-28T20:00:00Z,0
SUB-00887,2026-03-11T20:00:00Z,0
SUB-00888,2026-01-18T18:00:00Z,0
SUB-00888,2026-03-01T18:00:00Z,0
SUB-00888,2026-03-26T18:00:00Z,1
SUB-00889,2026-01-16T11:00:00Z,2
SUB-00889,2026-02-27T11:00:00Z,3
SUB-00890,2026-01-18T13:00:00Z,0
SUB-00890,2026-03-01T13:00:00Z,0
SUB-00890,2026-03-27T13:00:00Z,5
SUB-00891,2026-01-25T13:00:00Z,0
SUB-00891,2026-03-08T13:00:00Z,1
SUB-00892,2026-01-20T01:00:00Z,0
SUB-00892,2026-03-03T01:00:00Z,1
SUB-00893,2026-01-16T12:00:00Z,0
SUB-00893,2026-02-27T12:00:00Z,0
SUB-00894,2026-01-28T08:00:00Z,0
SUB-00894,2026-03-11T08:00:00Z,0
SUB-00894,2026-03-21T08:00:00Z,3
SUB-00895,2026-01-29T04:00:00Z,0
SUB-00895,2026-03-12T04:00:00Z,0
SUB-00895,2026-03-29T04:00:00Z,1
SUB-00896,2026-01-24T06:00:00Z,0
SUB-00896,2026-03-07T06:00:00Z,1
SUB-00896,2026-03-31T06:00:00Z,3
SUB-00897,2026-01-18T09:00:00Z,1
SUB-00897,2026-03-01T09:00:00Z,2
SUB-00898,2026-01-27T20:00:00Z,0
SUB-00898,2026-03-10T20:00:00Z,1
SUB-00898,2026-03-21T20:00:00Z,8
SUB-00899,2026-01-29T21:00:00Z,0
SUB-00899,2026-03-12T21:00:00Z,0
SUB-00899,2026-03-18T21:00:00Z,4
SUB-00900,2026-01-30T02:00:00Z,0
SUB-00900,2026-03-13T02:00:00Z,1
SUB-00900,2026-04-01T02:00:00Z,5
SUB-00901,2026-01-21T19:00:00Z,0
SUB-00901,2026-03-04T19:00:00Z,0
SUB-00901,2026-04-02T19:00:00Z,3
SUB-00902,2026-01-22T15:00:00Z,0
SUB-00902,2026-03-05T15:00:00Z,0
SUB-00902,2026-03-28T15:00:00Z,3
SUB-00903,2026-01-29T22:00:00Z,0
SUB-00903,2026-03-12T22:00:00Z,0
SUB-00904,2026-01-27T11:00:00Z,0
SUB-00904,2026-03-10T11:00:00Z,0
SUB-00905,2026-01-16T10:00:00Z,0
SUB-00905,2026-02-27T10:00:00Z,0
SUB-00906,2026-01-16T19:00:00Z,0
SUB-00906,2026-02-27T19:00:00Z,0
SUB-00906,2026-03-21T19:00:00Z,1
SUB-00907,2026-01-25T19:00:00Z,0
SUB-00907,2026-03-08T19:00:00Z,0
SUB-00907,2026-03-25T19:00:00Z,1
SUB-00908,2026-01-29T20:00:00Z,0
SUB-00908,2026-03-12T20:00:00Z,1
SUB-00909,2026-01-21T04:00:00Z,0
SUB-00909,2026-03-04T04:00:00Z,1
SUB-00909,2026-03-23T04:00:00Z,8
SUB-00910,2026-01-30T03:00:00Z,0
SUB-00910,2026-03-13T03:00:00Z,0
SUB-00910,2026-04-07T03:00:00Z,6
SUB-00911,2026-01-18T14:00:00Z,0
SUB-00911,2026-03-01T14:00:00Z,1
SUB-00912,2026-01-18T17:00:00Z,0
SUB-00912,2026-03-01T17:00:00Z,0
SUB-00912,2026-03-21T17:00:00Z,5
SUB-00913,2026-01-29T01:00:00Z,0
SUB-00913,2026-03-12T01:00:00Z,0
SUB-00914,2026-01-18T07:00:00Z,0
SUB-00914,2026-03-01T07:00:00Z,0
SUB-00914,2026-03-08T07:00:00Z,5
SUB-00915,2026-01-30T03:00:00Z,0
SUB-00915,2026-03-13T03:00:00Z,0
SUB-00916,2026-01-16T14:00:00Z,0
SUB-00916,2026-02-27T14:00:00Z,0
SUB-00917,2026-01-21T01:00:00Z,0
SUB-00917,2026-03-04T01:00:00Z,0
SUB-00918,2026-01-19T23:00:00Z,0
SUB-00918,2026-03-02T23:00:00Z,0
SUB-00918,2026-03-27T23:00:00Z,2
SUB-00919,2026-01-27T10:00:00Z,0
SUB-00919,2026-03-10T10:00:00Z,0
SUB-00919,2026-03-30T10:00:00Z,7
SUB-00920,2026-01-18T03:00:00Z,0
SUB-00920,2026-03-01T03:00:00Z,0
SUB-00920,2026-03-18T03:00:00Z,10
SUB-00921,2026-01-29T03:00:00Z,0
SUB-00921,2026-03-12T03:00:00Z,0
SUB-00922,2026-01-25T05:00:00Z,0
SUB-00922,2026-03-08T05:00:00Z,1
SUB-00922,2026-04-05T05:00:00Z,6
SUB-00923,2026-01-19T04:00:00Z,0
SUB-00923,2026-03-02T04:00:00Z,0
SUB-00924,2026-01-24T03:00:00Z,0
SUB-00924,2026-03-07T03:00:00Z,0
SUB-00924,2026-04-04T03:00:00Z,7
SUB-00925,2026-01-24T22:00:00Z,0
SUB-00925,2026-03-07T22:00:00Z,0
SUB-00926,2026-01-29T08:00:00Z,0
SUB-00926,2026-03-12T08:00:00Z,0
SUB-00927,2026-01-21T16:00:00Z,0
SUB-00927,2026-03-04T16:00:00Z,0
SUB-00927,2026-04-02T16:00:00Z,3
SUB-00928,2026-01-25T05:00:00Z,0
SUB-00928,2026-03-08T05:00:00Z,0
SUB-00928,2026-03-17T05:00:00Z,3
SUB-00929,2026-01-16T15:00:00Z,0
SUB-00929,2026-02-27T15:00:00Z,0
SUB-00930,2026-01-22T05:00:00Z,1
SUB-00930,2026-03-05T05:00:00Z,2
SUB-00930,2026-03-12T05:00:00Z,5
SUB-00931,2026-01-17T09:00:00Z,0
SUB-00931,2026-02-28T09:00:00Z,1
SUB-00932,2026-01-25T19:00:00Z,0
SUB-00932,2026-03-08T19:00:00Z,0
SUB-00932,2026-04-01T19:00:00Z,6
SUB-00933,2026-01-27T11:00:00Z,0
SUB-00933,2026-03-10T11:00:00Z,1
SUB-00933,2026-03-19T11:00:00Z,5
SUB-00934,2026-01-18T16:00:00Z,2
SUB-00934,2026-03-01T16:00:00Z,3
SUB-00934,2026-03-10T16:00:00Z,4
SUB-00935,2026-01-25T17:00:00Z,0
SUB-00935,2026-03-08T17:00:00Z,1
SUB-00935,2026-03-28T17:00:00Z,5
SUB-00936,2026-01-29T17:00:00Z,0
SUB-00936,2026-03-12T17:00:00Z,1
SUB-00937,2026-01-26T08:00:00Z,0
SUB-00937,2026-03-09T08:00:00Z,1
SUB-00938,2026-01-29T18:00:00Z,0
SUB-00938,2026-03-12T18:00:00Z,0
SUB-00938,2026-03-21T18:00:00Z,5
SUB-00939,2026-01-19T09:00:00Z,0
SUB-00939,2026-03-02T09:00:00Z,1
SUB-00939,2026-03-11T09:00:00Z,5
SUB-00940,2026-01-24T11:00:00Z,0
SUB-00940,2026-03-07T11:00:00Z,1
SUB-00941,2026-01-26T08:00:00Z,0
SUB-00941,2026-03-09T08:00:00Z,1
SUB-00941,2026-04-01T08:00:00Z,3
SUB-00942,2026-01-19T01:00:00Z,2
SUB-00942,2026-03-02T01:00:00Z,3
SUB-00943,2026-01-28T07:00:00Z,0
SUB-00943,2026-03-11T07:00:00Z,0
SUB-00943,2026-03-30T07:00:00Z,4
SUB-00944,2026-01-28T14:00:00Z,1
SUB-00944,2026-03-11T14:00:00Z,2
SUB-00944,2026-03-21T14:00:00Z,6
SUB-00945,2026-01-18T13:00:00Z,0
SUB-00945,2026-03-01T13:00:00Z,1
SUB-00946,2026-01-22T21:00:00Z,0
SUB-00946,2026-03-05T21:00:00Z,0
SUB-00947,2026-01-28T19:00:00Z,0
SUB-00947,2026-03-11T19:00:00Z,0
SUB-00947,2026-03-30T19:00:00Z,3
SUB-00948,2026-01-25T07:00:00Z,1
SUB-00948,2026-03-08T07:00:00Z,2
SUB-00949,2026-01-19T23:00:00Z,0
SUB-00949,2026-03-02T23:00:00Z,0
SUB-00949,2026-03-20T23:00:00Z,4
SUB-00950,2026-01-21T02:00:00Z,0
SUB-00950,2026-03-04T02:00:00Z,0
SUB-00950,2026-03-22T02:00:00Z,2
SUB-00951,2026-01-16T15:00:00Z,0
SUB-00951,2026-02-27T15:00:00Z,1
SUB-00951,2026-03-24T15:00:00Z,3
SUB-00952,2026-01-18T11:00:00Z,0
SUB-00952,2026-03-01T11:00:00Z,0
SUB-00952,2026-03-27T11:00:00Z,1
SUB-00953,2026-01-17T12:00:00Z,0
SUB-00953,2026-02-28T12:00:00Z,1
SUB-00954,2026-01-29T00:00:00Z,0
SUB-00954,2026-03-12T00:00:00Z,0
SUB-00954,2026-04-01T00:00:00Z,2
SUB-00955,2026-01-26T15:00:00Z,0
SUB-00955,2026-03-09T15:00:00Z,0
SUB-00955,2026-03-29T15:00:00Z,2
SUB-00956,2026-01-26T08:00:00Z,0
SUB-00956,2026-03-09T08:00:00Z,0
SUB-00956,2026-03-14T08:00:00Z,2
SUB-00957,2026-01-17T02:00:00Z,0
SUB-00957,2026-02-28T02:00:00Z,1
SUB-00958,2026-01-25T00:00:00Z,0
SUB-00958,2026-03-08T00:00:00Z,1
SUB-00958,2026-03-16T00:00:00Z,6
SUB-00959,2026-01-16T14:00:00Z,0
SUB-00959,2026-02-27T14:00:00Z,0
SUB-00959,2026-03-27T14:00:00Z,3
SUB-00960,2026-01-24T21:00:00Z,0
SUB-00960,2026-03-07T21:00:00Z,0
SUB-00961,2026-01-24T08:00:00Z,0
SUB-00961,2026-03-07T08:00:00Z,0
SUB-00962,2026-01-29T19:00:00Z,0
SUB-00962,2026-03-12T19:00:00Z,0
SUB-00962,2026-04-02T19:00:00Z,1
SUB-00963,2026-01-18T05:00:00Z,1
SUB-00963,2026-03-01T05:00:00Z,2
SUB-00963,2026-03-17T05:00:00Z,5
SUB-00964,2026-01-20T11:00:00Z,0
SUB-00964,2026-03-03T11:00:00Z,1
SUB-00965,2026-01-20T12:00:00Z,0
SUB-00965,2026-03-03T12:00:00Z,1
SUB-00966,2026-01-22T20:00:00Z,0
SUB-00966,2026-03-05T20:00:00Z,0
SUB-00967,2026-01-16T16:00:00Z,0
SUB-00967,2026-02-27T16:00:00Z,0
SUB-00967,2026-03-15T16:00:00Z,4
SUB-00968,2026-01-19T17:00:00Z,0
SUB-00968,2026-03-02T17:00:00Z,0
SUB-00968,2026-03-24T17:00:00Z,6
SUB-00969,2026-01-21T00:00:00Z,0
SUB-00969,2026-03-04T00:00:00Z,0
SUB-00969,2026-03-09T00:00:00Z,4
SUB-00970,2026-01-20T16:00:00Z,0
SUB-00970,2026-03-03T16:00:00Z,0
SUB-00971,2026-01-25T14:00:00Z,0
SUB-00971,2026-03-08T14:00:00Z,0
SUB-00971,2026-03-20T14:00:00Z,1
SUB-00972,2026-01-28T08:00:00Z,0
SUB-00972,2026-03-11T08:00:00Z,1
SUB-00973,2026-01-19T15:00:00Z,0
SUB-00973,2026-03-02T15:00:00Z,0
SUB-00974,2026-01-26T02:00:00Z,0
SUB-00974,2026-03-09T02:00:00Z,1
SUB-00975,2026-01-19T06:00:00Z,0
SUB-00975,2026-03-02T06:00:00Z,0
SUB-00975,2026-03-26T06:00:00Z,2
SUB-00976,2026-01-19T13:00:00Z,0
SUB-00976,2026-03-02T13:00:00Z,0
SUB-00976,2026-03-30T13:00:00Z,3
SUB-00977,2026-01-25T09:00:00Z,0
SUB-00977,2026-03-08T09:00:00Z,0
SUB-00977,2026-03-31T09:00:00Z,6
SUB-00978,2026-01-22T22:00:00Z,0
SUB-00978,2026-03-05T22:00:00Z,0
SUB-00979,2026-01-28T09:00:00Z,0
SUB-00979,2026-03-11T09:00:00Z,1
SUB-00980,2026-01-19T20:00:00Z,0
SUB-00980,2026-03-02T20:00:00Z,0
SUB-00981,2026-01-28T11:00:00Z,0
SUB-00981,2026-03-11T11:00:00Z,0
SUB-00982,2026-01-16T18:00:00Z,0
SUB-00982,2026-02-27T18:00:00Z,1
SUB-00983,2026-01-21T06:00:00Z,0
SUB-00983,2026-03-04T06:00:00Z,0
SUB-00983,2026-03-17T06:00:00Z,6
SUB-00984,2026-01-21T17:00:00Z,0
SUB-00984,2026-03-04T17:00:00Z,1
SUB-00984,2026-03-29T17:00:00Z,6
SUB-00985,2026-01-18T23:00:00Z,1
SUB-00985,2026-03-01T23:00:00Z,2
SUB-00986,2026-01-22T16:00:00Z,0
SUB-00986,2026-03-05T16:00:00Z,1
SUB-00987,2026-01-22T15:00:00Z,0
SUB-00987,2026-03-05T15:00:00Z,0
SUB-00987,2026-03-21T15:00:00Z,5
SUB-00988,2026-01-22T10:00:00Z,0
SUB-00988,2026-03-05T10:00:00Z,0
SUB-00988,2026-04-03T10:00:00Z,5
SUB-00989,2026-01-23T19:00:00Z,0
SUB-00989,2026-03-06T19:00:00Z,0
SUB-00989,2026-04-03T19:00:00Z,3
SUB-00990,2026-01-21T11:00:00Z,0
SUB-00990,2026-03-04T11:00:00Z,1
SUB-00990,2026-03-20T11:00:00Z,4
SUB-00991,2026-01-22T14:00:00Z,0
SUB-00991,2026-03-05T14:00:00Z,1
SUB-00991,2026-03-18T14:00:00Z,2
SUB-00992,2026-01-25T21:00:00Z,0
SUB-00992,2026-03-08T21:00:00Z,0
SUB-00992,2026-03-30T21:00:00Z,2
SUB-00993,2026-01-20T14:00:00Z,0
SUB-00993,2026-03-03T14:00:00Z,0
SUB-00993,2026-03-29T14:00:00Z,6
SUB-00994,2026-01-23T03:00:00Z,0
SUB-00994,2026-03-06T03:00:00Z,0
SUB-00995,2026-01-22T15:00:00Z,0
SUB-00995,2026-03-05T15:00:00Z,0
SUB-00995,2026-03-17T15:00:00Z,7
SUB-00996,2026-01-30T00:00:00Z,0
SUB-00996,2026-03-13T00:00:00Z,1
SUB-00997,2026-01-26T06:00:00Z,0
SUB-00997,2026-03-09T06:00:00Z,1
SUB-00997,2026-03-22T06:00:00Z,5
SUB-00998,2026-01-21T00:00:00Z,0
SUB-00998,2026-03-04T00:00:00Z,1
SUB-00999,2026-01-19T14:00:00Z,0
SUB-00999,2026-03-02T14:00:00Z,0
SUB-00999,2026-03-17T14:00:00Z,4
SUB-01000,2026-01-28T01:00:00Z,0
SUB-01000,2026-03-11T01:00:00Z,0
SUB-01000,2026-03-28T01:00:00Z,4
SUB-01001,2026-01-29T15:00:00Z,0
SUB-01001,2026-03-12T15:00:00Z,1
SUB-01001,2026-03-19T15:00:00Z,6
SUB-01002,2026-01-16T08:00:00Z,0
SUB-01002,2026-02-27T08:00:00Z,1
SUB-01002,2026-03-05T08:00:00Z,5
SUB-01003,2026-01-20T01:00:00Z,0
SUB-01003,2026-03-03T01:00:00Z,0
SUB-01004,2026-01-22T15:00:00Z,0
SUB-01004,2026-03-05T15:00:00Z,0
SUB-01004,2026-03-15T15:00:00Z,7
SUB-01005,2026-01-28T15:00:00Z,0
SUB-01005,2026-03-11T15:00:00Z,1
SUB-01005,2026-03-20T15:00:00Z,2
SUB-01006,2026-01-17T17:00:00Z,0
SUB-01006,2026-02-28T17:00:00Z,1
SUB-01007,2026-01-24T20:00:00Z,0
SUB-01007,2026-03-07T20:00:00Z,1
SUB-01008,2026-01-19T16:00:00Z,0
SUB-01008,2026-03-02T16:00:00Z,0
SUB-01009,2026-01-18T05:00:00Z,0
SUB-01009,2026-03-01T05:00:00Z,0
SUB-01010,2026-01-28T22:00:00Z,1
SUB-01010,2026-03-11T22:00:00Z,2
SUB-01010,2026-04-01T22:00:00Z,6
SUB-01011,2026-01-29T19:00:00Z,0
SUB-01011,2026-03-12T19:00:00Z,1
SUB-01012,2026-01-30T04:00:00Z,0
SUB-01012,2026-03-13T04:00:00Z,1
SUB-01012,2026-03-31T04:00:00Z,3
SUB-01013,2026-01-25T08:00:00Z,0
SUB-01013,2026-03-08T08:00:00Z,0
SUB-01013,2026-03-22T08:00:00Z,5
SUB-01014,2026-01-27T01:00:00Z,0
SUB-01014,2026-03-10T01:00:00Z,0
SUB-01014,2026-03-26T01:00:00Z,5
SUB-01015,2026-01-20T18:00:00Z,0
SUB-01015,2026-03-03T18:00:00Z,0
SUB-01016,2026-01-26T11:00:00Z,0
SUB-01016,2026-03-09T11:00:00Z,0
SUB-01017,2026-01-29T14:00:00Z,0
SUB-01017,2026-03-12T14:00:00Z,1
SUB-01018,2026-01-22T07:00:00Z,0
SUB-01018,2026-03-05T07:00:00Z,0
SUB-01019,2026-01-29T18:00:00Z,0
SUB-01019,2026-03-12T18:00:00Z,0
SUB-01020,2026-01-16T20:00:00Z,0
SUB-01020,2026-02-27T20:00:00Z,0
SUB-01020,2026-03-22T20:00:00Z,3
SUB-01021,2026-01-16T12:00:00Z,0
SUB-01021,2026-02-27T12:00:00Z,1
SUB-01022,2026-01-20T15:00:00Z,1
SUB-01022,2026-03-03T15:00:00Z,2
SUB-01022,2026-03-18T15:00:00Z,5
SUB-01023,2026-01-17T12:00:00Z,0
SUB-01023,2026-02-28T12:00:00Z,1
SUB-01024,2026-01-25T17:00:00Z,0
SUB-01024,2026-03-08T17:00:00Z,0
SUB-01025,2026-01-29T15:00:00Z,0
SUB-01025,2026-03-12T15:00:00Z,1
SUB-01025,2026-03-18T15:00:00Z,5
SUB-01026,2026-01-30T03:00:00Z,0
SUB-01026,2026-03-13T03:00:00Z,1
SUB-01027,2026-01-22T21:00:00Z,0
SUB-01027,2026-03-05T21:00:00Z,0
SUB-01028,2026-01-19T19:00:00Z,0
SUB-01028,2026-03-02T19:00:00Z,0
SUB-01029,2026-01-19T14:00:00Z,0
SUB-01029,2026-03-02T14:00:00Z,1
SUB-01030,2026-01-29T07:00:00Z,0
SUB-01030,2026-03-12T07:00:00Z,0
SUB-01030,2026-04-01T07:00:00Z,3
SUB-01031,2026-01-26T08:00:00Z,0
SUB-01031,2026-03-09T08:00:00Z,1
SUB-01031,2026-03-25T08:00:00Z,6
SUB-01032,2026-01-19T07:00:00Z,0
SUB-01032,2026-03-02T07:00:00Z,0
SUB-01032,2026-03-27T07:00:00Z,2
SUB-01033,2026-01-30T06:00:00Z,0
SUB-01033,2026-03-13T06:00:00Z,0
SUB-01033,2026-03-22T06:00:00Z,7
SUB-01034,2026-01-29T12:00:00Z,0
SUB-01034,2026-03-12T12:00:00Z,0
SUB-01035,2026-01-21T14:00:00Z,0
SUB-01035,2026-03-04T14:00:00Z,0
SUB-01036,2026-01-21T03:00:00Z,0
SUB-01036,2026-03-04T03:00:00Z,0
SUB-01036,2026-03-18T03:00:00Z,1
SUB-01037,2026-01-23T04:00:00Z,0
SUB-01037,2026-03-06T04:00:00Z,1
SUB-01038,2026-01-19T14:00:00Z,0
SUB-01038,2026-03-02T14:00:00Z,1
SUB-01039,2026-01-26T17:00:00Z,0
SUB-01039,2026-03-09T17:00:00Z,1
SUB-01040,2026-01-24T08:00:00Z,0
SUB-01040,2026-03-07T08:00:00Z,1
SUB-01040,2026-04-03T08:00:00Z,5
SUB-01041,2026-01-29T00:00:00Z,0
SUB-01041,2026-03-12T00:00:00Z,0
SUB-01042,2026-01-22T02:00:00Z,0
SUB-01042,2026-03-05T02:00:00Z,1
SUB-01042,2026-03-27T02:00:00Z,2
SUB-01043,2026-01-29T19:00:00Z,0
SUB-01043,2026-03-12T19:00:00Z,0
SUB-01044,2026-01-25T02:00:00Z,0
SUB-01044,2026-03-08T02:00:00Z,0
SUB-01044,2026-03-31T02:00:00Z,2
SUB-01045,2026-01-29T00:00:00Z,0
SUB-01045,2026-03-12T00:00:00Z,0
SUB-01045,2026-03-30T00:00:00Z,4
SUB-01046,2026-01-19T18:00:00Z,0
SUB-01046,2026-03-02T18:00:00Z,0
SUB-01047,2026-01-25T04:00:00Z,0
SUB-01047,2026-03-08T04:00:00Z,0
SUB-01048,2026-01-24T20:00:00Z,0
SUB-01048,2026-03-07T20:00:00Z,0
SUB-01049,2026-01-22T03:00:00Z,0
SUB-01049,2026-03-05T03:00:00Z,1
SUB-01049,2026-03-11T03:00:00Z,5
SUB-01050,2026-01-29T12:00:00Z,0
SUB-01050,2026-03-12T12:00:00Z,1
SUB-01050,2026-03-24T12:00:00Z,4
SUB-01051,2026-01-25T03:00:00Z,0
SUB-01051,2026-03-08T03:00:00Z,0
SUB-01052,2026-01-28T19:00:00Z,0
SUB-01052,2026-03-11T19:00:00Z,1
SUB-01052,2026-04-09T19:00:00Z,7
SUB-01053,2026-01-29T02:00:00Z,0
SUB-01053,2026-03-12T02:00:00Z,0
SUB-01054,2026-01-18T21:00:00Z,0
SUB-01054,2026-03-01T21:00:00Z,0
SUB-01055,2026-01-28T05:00:00Z,0
SUB-01055,2026-03-11T05:00:00Z,0
SUB-01055,2026-04-06T05:00:00Z,2
SUB-01056,2026-01-28T00:00:00Z,0
SUB-01056,2026-03-11T00:00:00Z,0
SUB-01057,2026-01-16T13:00:00Z,0
SUB-01057,2026-02-27T13:00:00Z,0
SUB-01057,2026-03-16T13:00:00Z,2
SUB-01058,2026-01-26T13:00:00Z,0
SUB-01058,2026-03-09T13:00:00Z,0
SUB-01059,2026-01-25T23:00:00Z,0
SUB-01059,2026-03-08T23:00:00Z,0
SUB-01060,2026-01-25T22:00:00Z,0
SUB-01060,2026-03-08T22:00:00Z,0
SUB-01060,2026-03-18T22:00:00Z,5
SUB-01061,2026-01-16T22:00:00Z,0
SUB-01061,2026-02-27T22:00:00Z,0
SUB-01062,2026-01-19T18:00:00Z,0
SUB-01062,2026-03-02T18:00:00Z,0
SUB-01063,2026-01-27T10:00:00Z,0
SUB-01063,2026-03-10T10:00:00Z,0
SUB-01063,2026-03-22T10:00:00Z,8
SUB-01064,2026-01-24T03:00:00Z,0
SUB-01064,2026-03-07T03:00:00Z,0
SUB-01064,2026-03-21T03:00:00Z,6
SUB-01065,2026-01-16T09:00:00Z,0
SUB-01065,2026-02-27T09:00:00Z,1
SUB-01065,2026-03-17T09:00:00Z,5
SUB-01066,2026-01-16T16:00:00Z,0
SUB-01066,2026-02-27T16:00:00Z,0
SUB-01066,2026-03-11T16:00:00Z,3
SUB-01067,2026-01-25T10:00:00Z,0
SUB-01067,2026-03-08T10:00:00Z,0
SUB-01068,2026-01-24T21:00:00Z,0
SUB-01068,2026-03-07T21:00:00Z,0
SUB-01068,2026-03-27T21:00:00Z,3
SUB-01069,2026-01-18T21:00:00Z,0
SUB-01069,2026-03-01T21:00:00Z,0
SUB-01070,2026-01-27T14:00:00Z,0
SUB-01070,2026-03-10T14:00:00Z,0
SUB-01070,2026-04-04T14:00:00Z,3
SUB-01071,2026-01-21T12:00:00Z,0
SUB-01071,2026-03-04T12:00:00Z,0
SUB-01072,2026-01-23T04:00:00Z,0
SUB-01072,2026-03-06T04:00:00Z,0
SUB-01072,2026-03-11T04:00:00Z,1
SUB-01073,2026-01-27T01:00:00Z,0
SUB-01073,2026-03-10T01:00:00Z,0
SUB-01074,2026-01-21T14:00:00Z,0
SUB-01074,2026-03-04T14:00:00Z,0
SUB-01075,2026-01-16T16:00:00Z,0
SUB-01075,2026-02-27T16:00:00Z,0
SUB-01075,2026-03-05T16:00:00Z,2
SUB-01076,2026-01-26T23:00:00Z,0
SUB-01076,2026-03-09T23:00:00Z,0
SUB-01077,2026-01-22T22:00:00Z,0
SUB-01077,2026-03-05T22:00:00Z,0
SUB-01078,2026-01-28T17:00:00Z,0
SUB-01078,2026-03-11T17:00:00Z,0
SUB-01078,2026-03-25T17:00:00Z,3
SUB-01079,2026-01-18T09:00:00Z,0
SUB-01079,2026-03-01T09:00:00Z,0
SUB-01079,2026-03-29T09:00:00Z,4
SUB-01080,2026-01-26T17:00:00Z,0
SUB-01080,2026-03-09T17:00:00Z,1
SUB-01081,2026-01-18T23:00:00Z,0
SUB-01081,2026-03-01T23:00:00Z,0
SUB-01081,2026-03-10T23:00:00Z,3
SUB-01082,2026-01-28T11:00:00Z,0
SUB-01082,2026-03-11T11:00:00Z,1
SUB-01083,2026-01-26T07:00:00Z,0
SUB-01083,2026-03-09T07:00:00Z,0
SUB-01084,2026-01-21T19:00:00Z,1
SUB-01084,2026-03-04T19:00:00Z,2
SUB-01084,2026-03-10T19:00:00Z,8
SUB-01085,2026-01-24T08:00:00Z,0
SUB-01085,2026-03-07T08:00:00Z,0
SUB-01086,2026-01-19T13:00:00Z,0
SUB-01086,2026-03-02T13:00:00Z,0
SUB-01086,2026-03-27T13:00:00Z,4
SUB-01087,2026-01-20T06:00:00Z,1
SUB-01087,2026-03-03T06:00:00Z,2
SUB-01087,2026-03-20T06:00:00Z,6
SUB-01088,2026-01-27T17:00:00Z,0
SUB-01088,2026-03-10T17:00:00Z,0
SUB-01088,2026-03-29T17:00:00Z,5
SUB-01089,2026-01-19T17:00:00Z,0
SUB-01089,2026-03-02T17:00:00Z,1
SUB-01089,2026-03-19T17:00:00Z,2
SUB-01090,2026-01-30T06:00:00Z,0
SUB-01090,2026-03-13T06:00:00Z,1
SUB-01091,2026-01-29T15:00:00Z,0
SUB-01091,2026-03-12T15:00:00Z,0
SUB-01092,2026-01-30T04:00:00Z,0
SUB-01092,2026-03-13T04:00:00Z,0
SUB-01092,2026-03-27T04:00:00Z,4
SUB-01093,2026-01-26T17:00:00Z,2
SUB-01093,2026-03-09T17:00:00Z,3
SUB-01093,2026-03-15T17:00:00Z,6
SUB-01094,2026-01-28T19:00:00Z,0
SUB-01094,2026-03-11T19:00:00Z,1
SUB-01094,2026-03-17T19:00:00Z,4
SUB-01095,2026-01-27T16:00:00Z,0
SUB-01095,2026-03-10T16:00:00Z,1
SUB-01095,2026-03-27T16:00:00Z,5
SUB-01096,2026-01-21T22:00:00Z,0
SUB-01096,2026-03-04T22:00:00Z,0
SUB-01097,2026-01-22T10:00:00Z,0
SUB-01097,2026-03-05T10:00:00Z,0
SUB-01098,2026-01-24T21:00:00Z,1
SUB-01098,2026-03-07T21:00:00Z,2
SUB-01099,2026-01-25T08:00:00Z,0
SUB-01099,2026-03-08T08:00:00Z,0
SUB-01099,2026-04-02T08:00:00Z,3
SUB-01100,2026-01-29T14:00:00Z,0
SUB-01100,2026-03-12T14:00:00Z,0
SUB-01101,2026-01-24T01:00:00Z,1
SUB-01101,2026-03-07T01:00:00Z,2
SUB-01101,2026-03-20T01:00:00Z,4
SUB-01102,2026-01-23T00:00:00Z,1
SUB-01102,2026-03-06T00:00:00Z,2
SUB-01102,2026-03-22T00:00:00Z,6
SUB-01103,2026-01-17T09:00:00Z,0
SUB-01103,2026-02-28T09:00:00Z,0
SUB-01104,2026-01-27T07:00:00Z,0
SUB-01104,2026-03-10T07:00:00Z,0
SUB-01104,2026-04-02T07:00:00Z,5
SUB-01105,2026-01-29T19:00:00Z,0
SUB-01105,2026-03-12T19:00:00Z,0
SUB-01105,2026-04-10T19:00:00Z,4
SUB-01106,2026-01-21T19:00:00Z,0
SUB-01106,2026-03-04T19:00:00Z,0
SUB-01107,2026-01-27T04:00:00Z,0
SUB-01107,2026-03-10T04:00:00Z,1
SUB-01107,2026-03-21T04:00:00Z,6
SUB-01108,2026-01-17T04:00:00Z,0
SUB-01108,2026-02-28T04:00:00Z,0
SUB-01109,2026-01-24T14:00:00Z,0
SUB-01109,2026-03-07T14:00:00Z,0
SUB-01110,2026-01-16T09:00:00Z,0
SUB-01110,2026-02-27T09:00:00Z,0
SUB-01110,2026-03-10T09:00:00Z,2
SUB-01111,2026-01-26T16:00:00Z,0
SUB-01111,2026-03-09T16:00:00Z,0
SUB-01111,2026-03-29T16:00:00Z,2
SUB-01112,2026-01-30T00:00:00Z,0
SUB-01112,2026-03-13T00:00:00Z,0
SUB-01113,2026-01-26T10:00:00Z,0
SUB-01113,2026-03-09T10:00:00Z,0
SUB-01113,2026-04-02T10:00:00Z,2
SUB-01114,2026-01-22T01:00:00Z,0
SUB-01114,2026-03-05T01:00:00Z,0
SUB-01114,2026-03-13T01:00:00Z,4
SUB-01115,2026-01-26T21:00:00Z,0
SUB-01115,2026-03-09T21:00:00Z,1
SUB-01116,2026-01-16T22:00:00Z,0
SUB-01116,2026-02-27T22:00:00Z,1
SUB-01116,2026-03-05T22:00:00Z,5
SUB-01117,2026-01-25T15:00:00Z,0
SUB-01117,2026-03-08T15:00:00Z,0
SUB-01117,2026-03-23T15:00:00Z,2
SUB-01118,2026-01-26T07:00:00Z,0
SUB-01118,2026-03-09T07:00:00Z,0
SUB-01118,2026-03-21T07:00:00Z,4
SUB-01119,2026-01-20T01:00:00Z,0
SUB-01119,2026-03-03T01:00:00Z,1
SUB-01120,2026-01-29T01:00:00Z,0
SUB-01120,2026-03-12T01:00:00Z,0
SUB-01120,2026-03-18T01:00:00Z,1
SUB-01121,2026-01-17T08:00:00Z,0
SUB-01121,2026-02-28T08:00:00Z,0
SUB-01121,2026-03-14T08:00:00Z,1
SUB-01122,2026-01-25T02:00:00Z,0
SUB-01122,2026-03-08T02:00:00Z,0
SUB-01123,2026-01-30T01:00:00Z,0
SUB-01123,2026-03-13T01:00:00Z,0
SUB-01123,2026-04-03T01:00:00Z,6
SUB-01124,2026-01-27T10:00:00Z,0
SUB-01124,2026-03-10T10:00:00Z,0
SUB-01124,2026-04-04T10:00:00Z,4
SUB-01125,2026-01-18T14:00:00Z,0
SUB-01125,2026-03-01T14:00:00Z,0
SUB-01126,2026-01-26T17:00:00Z,0
SUB-01126,2026-03-09T17:00:00Z,0
SUB-01127,2026-01-24T04:00:00Z,0
SUB-01127,2026-03-07T04:00:00Z,1
SUB-01128,2026-01-30T00:00:00Z,0
SUB-01128,2026-03-13T00:00:00Z,0
SUB-01129,2026-01-22T01:00:00Z,1
SUB-01129,2026-03-05T01:00:00Z,2
SUB-01129,2026-03-25T01:00:00Z,3
SUB-01130,2026-01-24T14:00:00Z,0
SUB-01130,2026-03-07T14:00:00Z,1
SUB-01130,2026-03-31T14:00:00Z,7
SUB-01131,2026-01-23T22:00:00Z,0
SUB-01131,2026-03-06T22:00:00Z,0
SUB-01132,2026-01-27T09:00:00Z,0
SUB-01132,2026-03-10T09:00:00Z,1
SUB-01133,2026-01-21T00:00:00Z,0
SUB-01133,2026-03-04T00:00:00Z,0
SUB-01133,2026-03-21T00:00:00Z,5
SUB-01134,2026-01-27T23:00:00Z,0
SUB-01134,2026-03-10T23:00:00Z,1
SUB-01135,2026-01-17T03:00:00Z,0
SUB-01135,2026-02-28T03:00:00Z,0
SUB-01135,2026-03-29T03:00:00Z,5
SUB-01136,2026-01-27T06:00:00Z,0
SUB-01136,2026-03-10T06:00:00Z,0
SUB-01136,2026-04-08T06:00:00Z,5
SUB-01137,2026-01-22T10:00:00Z,1
SUB-01137,2026-03-05T10:00:00Z,2
SUB-01137,2026-04-02T10:00:00Z,4
SUB-01138,2026-01-26T14:00:00Z,0
SUB-01138,2026-03-09T14:00:00Z,0
SUB-01139,2026-01-24T23:00:00Z,0
SUB-01139,2026-03-07T23:00:00Z,1
SUB-01140,2026-01-20T22:00:00Z,0
SUB-01140,2026-03-03T22:00:00Z,0
SUB-01141,2026-01-21T19:00:00Z,0
SUB-01141,2026-03-04T19:00:00Z,0
SUB-01141,2026-03-30T19:00:00Z,1
SUB-01142,2026-01-19T15:00:00Z,0
SUB-01142,2026-03-02T15:00:00Z,1
SUB-01142,2026-03-08T15:00:00Z,3
SUB-01143,2026-01-21T15:00:00Z,0
SUB-01143,2026-03-04T15:00:00Z,1
SUB-01144,2026-01-26T00:00:00Z,1
SUB-01144,2026-03-09T00:00:00Z,2
SUB-01144,2026-04-05T00:00:00Z,4
SUB-01145,2026-01-18T07:00:00Z,0
SUB-01145,2026-03-01T07:00:00Z,0
SUB-01145,2026-03-12T07:00:00Z,7
SUB-01146,2026-01-23T04:00:00Z,0
SUB-01146,2026-03-06T04:00:00Z,0
SUB-01147,2026-01-29T06:00:00Z,0
SUB-01147,2026-03-12T06:00:00Z,0
SUB-01147,2026-03-19T06:00:00Z,4
SUB-01148,2026-01-28T05:00:00Z,0
SUB-01148,2026-03-11T05:00:00Z,0
SUB-01149,2026-01-26T03:00:00Z,0
SUB-01149,2026-03-09T03:00:00Z,1
SUB-01150,2026-01-25T22:00:00Z,0
SUB-01150,2026-03-08T22:00:00Z,1
SUB-01150,2026-03-23T22:00:00Z,4
SUB-01151,2026-01-22T01:00:00Z,0
SUB-01151,2026-03-05T01:00:00Z,0
SUB-01151,2026-03-25T01:00:00Z,4
SUB-01152,2026-01-20T04:00:00Z,0
SUB-01152,2026-03-03T04:00:00Z,1
SUB-01153,2026-01-18T06:00:00Z,0
SUB-01153,2026-03-01T06:00:00Z,0
SUB-01153,2026-03-27T06:00:00Z,1
SUB-01154,2026-01-28T23:00:00Z,0
SUB-01154,2026-03-11T23:00:00Z,0
SUB-01155,2026-01-20T12:00:00Z,0
SUB-01155,2026-03-03T12:00:00Z,0
SUB-01155,2026-04-01T12:00:00Z,2
SUB-01156,2026-01-29T02:00:00Z,0
SUB-01156,2026-03-12T02:00:00Z,1
SUB-01156,2026-04-10T02:00:00Z,7
SUB-01157,2026-01-30T04:00:00Z,0
SUB-01157,2026-03-13T04:00:00Z,0
SUB-01158,2026-01-21T15:00:00Z,0
SUB-01158,2026-03-04T15:00:00Z,0
SUB-01158,2026-03-09T15:00:00Z,4
SUB-01159,2026-01-19T15:00:00Z,0
SUB-01159,2026-03-02T15:00:00Z,0
SUB-01159,2026-03-11T15:00:00Z,4
SUB-01160,2026-01-29T00:00:00Z,0
SUB-01160,2026-03-12T00:00:00Z,0
SUB-01161,2026-01-21T12:00:00Z,0
SUB-01161,2026-03-04T12:00:00Z,0
SUB-01162,2026-01-18T23:00:00Z,0
SUB-01162,2026-03-01T23:00:00Z,0
SUB-01162,2026-03-15T23:00:00Z,3
SUB-01163,2026-01-29T00:00:00Z,0
SUB-01163,2026-03-12T00:00:00Z,0
SUB-01164,2026-01-19T10:00:00Z,0
SUB-01164,2026-03-02T10:00:00Z,1
SUB-01165,2026-01-20T06:00:00Z,0
SUB-01165,2026-03-03T06:00:00Z,0
SUB-01166,2026-01-22T20:00:00Z,0
SUB-01166,2026-03-05T20:00:00Z,1
SUB-01167,2026-01-18T20:00:00Z,0
SUB-01167,2026-03-01T20:00:00Z,0
SUB-01167,2026-03-29T20:00:00Z,3
SUB-01168,2026-01-23T22:00:00Z,0
SUB-01168,2026-03-06T22:00:00Z,0
SUB-01168,2026-03-20T22:00:00Z,2
SUB-01169,2026-01-24T02:00:00Z,0
SUB-01169,2026-03-07T02:00:00Z,1
SUB-01169,2026-03-15T02:00:00Z,4
SUB-01170,2026-01-24T17:00:00Z,0
SUB-01170,2026-03-07T17:00:00Z,0
SUB-01171,2026-01-26T02:00:00Z,0
SUB-01171,2026-03-09T02:00:00Z,0
SUB-01171,2026-04-01T02:00:00Z,3
SUB-01172,2026-01-20T12:00:00Z,0
SUB-01172,2026-03-03T12:00:00Z,0
SUB-01173,2026-01-17T01:00:00Z,0
SUB-01173,2026-02-28T01:00:00Z,1
SUB-01173,2026-03-23T01:00:00Z,6
SUB-01174,2026-01-25T09:00:00Z,0
SUB-01174,2026-03-08T09:00:00Z,0
SUB-01175,2026-01-27T13:00:00Z,0
SUB-01175,2026-03-10T13:00:00Z,0
SUB-01175,2026-03-31T13:00:00Z,3
SUB-01176,2026-01-20T19:00:00Z,0
SUB-01176,2026-03-03T19:00:00Z,0
SUB-01177,2026-01-17T16:00:00Z,1
SUB-01177,2026-02-28T16:00:00Z,2
SUB-01177,2026-03-19T16:00:00Z,5
SUB-01178,2026-01-19T04:00:00Z,0
SUB-01178,2026-03-02T04:00:00Z,0
SUB-01179,2026-01-26T23:00:00Z,0
SUB-01179,2026-03-09T23:00:00Z,1
SUB-01179,2026-03-14T23:00:00Z,5
SUB-01180,2026-01-19T16:00:00Z,0
SUB-01180,2026-03-02T16:00:00Z,0
SUB-01180,2026-03-11T16:00:00Z,5
SUB-01181,2026-01-29T10:00:00Z,0
SUB-01181,2026-03-12T10:00:00Z,0
SUB-01181,2026-03-20T10:00:00Z,6
SUB-01182,2026-01-23T03:00:00Z,0
SUB-01182,2026-03-06T03:00:00Z,0
SUB-01183,2026-01-20T22:00:00Z,2
SUB-01183,2026-03-03T22:00:00Z,3
SUB-01184,2026-01-26T22:00:00Z,1
SUB-01184,2026-03-09T22:00:00Z,2
SUB-01184,2026-03-22T22:00:00Z,6
SUB-01185,2026-01-24T18:00:00Z,1
SUB-01185,2026-03-07T18:00:00Z,2
SUB-01185,2026-03-29T18:00:00Z,8
SUB-01186,2026-01-19T09:00:00Z,1
SUB-01186,2026-03-02T09:00:00Z,2
SUB-01187,2026-01-27T05:00:00Z,0
SUB-01187,2026-03-10T05:00:00Z,0
SUB-01187,2026-03-28T05:00:00Z,2
SUB-01188,2026-01-26T19:00:00Z,0
SUB-01188,2026-03-09T19:00:00Z,0
SUB-01188,2026-03-17T19:00:00Z,7
SUB-01189,2026-01-25T20:00:00Z,0
SUB-01189,2026-03-08T20:00:00Z,0
SUB-01190,2026-01-28T02:00:00Z,0
SUB-01190,2026-03-11T02:00:00Z,0
SUB-01190,2026-03-27T02:00:00Z,5
SUB-01191,2026-01-19T22:00:00Z,0
SUB-01191,2026-03-02T22:00:00Z,0
SUB-01191,2026-03-21T22:00:00Z,4
SUB-01192,2026-01-26T18:00:00Z,0
SUB-01192,2026-03-09T18:00:00Z,0
SUB-01192,2026-03-24T18:00:00Z,4
SUB-01193,2026-01-29T17:00:00Z,0
SUB-01193,2026-03-12T17:00:00Z,0
SUB-01194,2026-01-17T06:00:00Z,0
SUB-01194,2026-02-28T06:00:00Z,0
SUB-01194,2026-03-10T06:00:00Z,2
SUB-01195,2026-01-29T09:00:00Z,0
SUB-01195,2026-03-12T09:00:00Z,0
SUB-01195,2026-03-18T09:00:00Z,5
SUB-01196,2026-01-18T23:00:00Z,0
SUB-01196,2026-03-01T23:00:00Z,0
SUB-01197,2026-01-16T11:00:00Z,0
SUB-01197,2026-02-27T11:00:00Z,0
SUB-01197,2026-03-27T11:00:00Z,2
SUB-01198,2026-01-24T15:00:00Z,0
SUB-01198,2026-03-07T15:00:00Z,1
SUB-01199,2026-01-17T20:00:00Z,0
SUB-01199,2026-02-28T20:00:00Z,0
